"TimeUTC","timestampInMs","requestPath","requestMethod","requestQueryString","responseStatusCode","requestId","requestUserAgent","level","environment","branch","vercelCache","type","function","host","deploymentDomain","deploymentId","durationMs","region","maxMemoryUsed","memorySize","message","projectId","traceId","sessionId","invocationId","instanceId","concurrency"
"2025-09-16 23:04:29",1758063869196,"servico-busca-pu0f292fa-jeanmnorhens-projects.vercel.app/api/search","GET","q=jean",-1,"mgwwr-1758063869079-ac7dfd9e26ab","Mozilla/5.0 (Windows NT 10.0; Win64; x64) AppleWebKit/537.36 (KHTML, like Gecko) Chrome/140.0.0.0 Safari/537.36","info","production","","","lambda","/api/index.py","servico-busca-pu0f292fa-jeanmnorhens-projects.vercel.app","servico-busca-pu0f292fa-jeanmnorhens-projects.vercel.app","dpl_9X25MSGLiianBNEXemCpx1539okR",-1,"iad1",-1,-1,"127.0.0.1 - - [16/Sep/2025 23:04:29] ""GET /api/search?q=jean HTTP/1.1"" 200 -","prj_QsQe3KDprnafLnNuNyPe2t8xRvdd","","","01K5ACBF6SZSBCSJWXZ7DQ7XC3","",-1
"2025-09-16 23:04:29",1758063869195,"servico-busca-pu0f292fa-jeanmnorhens-projects.vercel.app/api/search","GET","q=jean",-1,"mgwwr-1758063869079-ac7dfd9e26ab","Mozilla/5.0 (Windows NT 10.0; Win64; x64) AppleWebKit/537.36 (KHTML, like Gecko) Chrome/140.0.0.0 Safari/537.36","error","production","","","lambda","/api/index.py","servico-busca-pu0f292fa-jeanmnorhens-projects.vercel.app","servico-busca-pu0f292fa-jeanmnorhens-projects.vercel.app","dpl_9X25MSGLiianBNEXemCpx1539okR",-1,"iad1",-1,-1,"INFO:elastic_transport.transport:POST https://my-elasticsearch-project-e974ce.es.us-central1.gcp.elastic.cloud:443/users,products,stores,offers/_search?ignore_unavailable=true [status:200 duration:0.032s]","prj_QsQe3KDprnafLnNuNyPe2t8xRvdd","","","01K5ACBF6SZSBCSJWXZ7DQ7XC3","",-1
"2025-09-16 23:04:29",1758063869145,"servico-busca-pu0f292fa-jeanmnorhens-projects.vercel.app/api/search","GET","q=jean",200,"mgwwr-1758063869079-ac7dfd9e26ab","Mozilla/5.0 (Windows NT 10.0; Win64; x64) AppleWebKit/537.36 (KHTML, like Gecko) Chrome/140.0.0.0 Safari/537.36","info","production","","","lambda","/api/index.py","servico-busca-pu0f292fa-jeanmnorhens-projects.vercel.app","servico-busca-pu0f292fa-jeanmnorhens-projects.vercel.app","dpl_9X25MSGLiianBNEXemCpx1539okR",36,"iad1",109,2048,"","prj_QsQe3KDprnafLnNuNyPe2t8xRvdd","","","01K5ACBF6SZSBCSJWXZ7DQ7XC3","frK7Mmu3xWXn",1
"2025-09-16 23:04:28",1758063868989,"servico-busca-pu0f292fa-jeanmnorhens-projects.vercel.app/api/search","OPTIONS","q=jean",-1,"72cv4-1758063868909-2029d16853aa","Mozilla/5.0 (Windows NT 10.0; Win64; x64) AppleWebKit/537.36 (KHTML, like Gecko) Chrome/140.0.0.0 Safari/537.36","info","production","","","lambda","/api/index.py","servico-busca-pu0f292fa-jeanmnorhens-projects.vercel.app","servico-busca-pu0f292fa-jeanmnorhens-projects.vercel.app","dpl_9X25MSGLiianBNEXemCpx1539okR",-1,"iad1",-1,-1,"127.0.0.1 - - [16/Sep/2025 23:04:28] ""OPTIONS /api/search?q=jean HTTP/1.1"" 200 -","prj_QsQe3KDprnafLnNuNyPe2t8xRvdd","","","01K5ACBF1A2K3X0MTT457JPJM4","",-1
"2025-09-16 23:04:28",1758063868970,"servico-busca-pu0f292fa-jeanmnorhens-projects.vercel.app/api/search","OPTIONS","q=jean",200,"72cv4-1758063868909-2029d16853aa","Mozilla/5.0 (Windows NT 10.0; Win64; x64) AppleWebKit/537.36 (KHTML, like Gecko) Chrome/140.0.0.0 Safari/537.36","info","production","","","lambda","/api/index.py","servico-busca-pu0f292fa-jeanmnorhens-projects.vercel.app","servico-busca-pu0f292fa-jeanmnorhens-projects.vercel.app","dpl_9X25MSGLiianBNEXemCpx1539okR",4,"iad1",109,2048,"","prj_QsQe3KDprnafLnNuNyPe2t8xRvdd","","","01K5ACBF1A2K3X0MTT457JPJM4","frK7Mmu3xWXn",1
"2025-09-16 23:04:22",1758063862224,"servico-busca-pu0f292fa-jeanmnorhens-projects.vercel.app/api/search","GET","q=jean",-1,"z5n4g-1758063862111-cde889364a67","Mozilla/5.0 (Windows NT 10.0; Win64; x64) AppleWebKit/537.36 (KHTML, like Gecko) Chrome/140.0.0.0 Safari/537.36","info","production","","","lambda","/api/index.py","servico-busca-pu0f292fa-jeanmnorhens-projects.vercel.app","servico-busca-pu0f292fa-jeanmnorhens-projects.vercel.app","dpl_9X25MSGLiianBNEXemCpx1539okR",-1,"iad1",-1,-1,"127.0.0.1 - - [16/Sep/2025 23:04:22] ""GET /api/search?q=jean HTTP/1.1"" 200 -","prj_QsQe3KDprnafLnNuNyPe2t8xRvdd","","","01K5ACB8D1G3SAXP2735TRN21D","",-1
"2025-09-16 23:04:22",1758063862223,"servico-busca-pu0f292fa-jeanmnorhens-projects.vercel.app/api/search","GET","q=jean",-1,"z5n4g-1758063862111-cde889364a67","Mozilla/5.0 (Windows NT 10.0; Win64; x64) AppleWebKit/537.36 (KHTML, like Gecko) Chrome/140.0.0.0 Safari/537.36","error","production","","","lambda","/api/index.py","servico-busca-pu0f292fa-jeanmnorhens-projects.vercel.app","servico-busca-pu0f292fa-jeanmnorhens-projects.vercel.app","dpl_9X25MSGLiianBNEXemCpx1539okR",-1,"iad1",-1,-1,"INFO:elastic_transport.transport:POST https://my-elasticsearch-project-e974ce.es.us-central1.gcp.elastic.cloud:443/users,products,stores,offers/_search?ignore_unavailable=true [status:200 duration:0.032s]","prj_QsQe3KDprnafLnNuNyPe2t8xRvdd","","","01K5ACB8D1G3SAXP2735TRN21D","",-1
"2025-09-16 23:04:22",1758063862177,"servico-busca-pu0f292fa-jeanmnorhens-projects.vercel.app/api/search","GET","q=jean",200,"z5n4g-1758063862111-cde889364a67","Mozilla/5.0 (Windows NT 10.0; Win64; x64) AppleWebKit/537.36 (KHTML, like Gecko) Chrome/140.0.0.0 Safari/537.36","info","production","","","lambda","/api/index.py","servico-busca-pu0f292fa-jeanmnorhens-projects.vercel.app","servico-busca-pu0f292fa-jeanmnorhens-projects.vercel.app","dpl_9X25MSGLiianBNEXemCpx1539okR",36,"iad1",109,2048,"","prj_QsQe3KDprnafLnNuNyPe2t8xRvdd","","","01K5ACB8D1G3SAXP2735TRN21D","frK7Mmu3xWXn",1
"2025-09-16 23:04:22",1758063862024,"servico-busca-pu0f292fa-jeanmnorhens-projects.vercel.app/api/search","OPTIONS","q=jean",-1,"mgwwr-1758063861941-d29ac1491328","Mozilla/5.0 (Windows NT 10.0; Win64; x64) AppleWebKit/537.36 (KHTML, like Gecko) Chrome/140.0.0.0 Safari/537.36","info","production","","","lambda","/api/index.py","servico-busca-pu0f292fa-jeanmnorhens-projects.vercel.app","servico-busca-pu0f292fa-jeanmnorhens-projects.vercel.app","dpl_9X25MSGLiianBNEXemCpx1539okR",-1,"iad1",-1,-1,"127.0.0.1 - - [16/Sep/2025 23:04:22] ""OPTIONS /api/search?q=jean HTTP/1.1"" 200 -","prj_QsQe3KDprnafLnNuNyPe2t8xRvdd","","","01K5ACB87R0Q6M93K17G6KN4B7","",-1
"2025-09-16 23:04:22",1758063862008,"servico-busca-pu0f292fa-jeanmnorhens-projects.vercel.app/api/search","OPTIONS","q=jean",200,"mgwwr-1758063861941-d29ac1491328","Mozilla/5.0 (Windows NT 10.0; Win64; x64) AppleWebKit/537.36 (KHTML, like Gecko) Chrome/140.0.0.0 Safari/537.36","info","production","","","lambda","/api/index.py","servico-busca-pu0f292fa-jeanmnorhens-projects.vercel.app","servico-busca-pu0f292fa-jeanmnorhens-projects.vercel.app","dpl_9X25MSGLiianBNEXemCpx1539okR",4,"iad1",109,2048,"","prj_QsQe3KDprnafLnNuNyPe2t8xRvdd","","","01K5ACB87R0Q6M93K17G6KN4B7","frK7Mmu3xWXn",1
"2025-09-16 23:04:16",1758063856432,"servico-busca-pu0f292fa-jeanmnorhens-projects.vercel.app/api/search/consume","GET","",-1,"pr2ph-1758063856382-9c55e0c7b8db","vercel-cron/1.0","info","production","","","lambda","/api/index.py","servico-busca-pu0f292fa-jeanmnorhens-projects.vercel.app","servico-busca-pu0f292fa-jeanmnorhens-projects.vercel.app","dpl_9X25MSGLiianBNEXemCpx1539okR",-1,"iad1",-1,-1,"127.0.0.1 - - [16/Sep/2025 23:04:16] ""GET /api/search/consume HTTP/1.1"" 405 -","prj_QsQe3KDprnafLnNuNyPe2t8xRvdd","","","01K5ACB2S2PX2QZG5GSFVDZ444","",-1
"2025-09-16 23:04:16",1758063856418,"servico-busca-pu0f292fa-jeanmnorhens-projects.vercel.app/api/search/consume","GET","",405,"pr2ph-1758063856382-9c55e0c7b8db","vercel-cron/1.0","warning","production","","","lambda","/api/index.py","servico-busca-pu0f292fa-jeanmnorhens-projects.vercel.app","servico-busca-pu0f292fa-jeanmnorhens-projects.vercel.app","dpl_9X25MSGLiianBNEXemCpx1539okR",4,"iad1",109,2048,"","prj_QsQe3KDprnafLnNuNyPe2t8xRvdd","","","01K5ACB2S2PX2QZG5GSFVDZ444","frK7Mmu3xWXn",1
"2025-09-16 23:04:14",1758063854391,"servico-busca-pu0f292fa-jeanmnorhens-projects.vercel.app/api/search/consume","GET","",-1,"lmjjw-1758063854294-dab3f9e1c6e2","vercel-cron/1.0","info","production","","","lambda","/api/index.py","servico-busca-pu0f292fa-jeanmnorhens-projects.vercel.app","servico-busca-pu0f292fa-jeanmnorhens-projects.vercel.app","dpl_9X25MSGLiianBNEXemCpx1539okR",-1,"iad1",-1,-1,"127.0.0.1 - - [16/Sep/2025 23:04:14] ""GET /api/search/consume HTTP/1.1"" 405 -","prj_QsQe3KDprnafLnNuNyPe2t8xRvdd","","","01K5ACB0S29B77H370MCH23G81","",-1
"2025-09-16 23:04:14",1758063854370,"servico-busca-pu0f292fa-jeanmnorhens-projects.vercel.app/api/search/consume","GET","",405,"lmjjw-1758063854294-dab3f9e1c6e2","vercel-cron/1.0","warning","production","","","lambda","/api/index.py","servico-busca-pu0f292fa-jeanmnorhens-projects.vercel.app","servico-busca-pu0f292fa-jeanmnorhens-projects.vercel.app","dpl_9X25MSGLiianBNEXemCpx1539okR",6,"iad1",109,2048,"","prj_QsQe3KDprnafLnNuNyPe2t8xRvdd","","","01K5ACB0S29B77H370MCH23G81","frK7Mmu3xWXn",1
"2025-09-16 23:02:31",1758063751754,"servico-busca-pu0f292fa-jeanmnorhens-projects.vercel.app/api/search/reindex","GET","",-1,"f99lj-1758063751681-cee02d7d77e6","Mozilla/5.0 (Windows NT 10.0; Win64; x64) AppleWebKit/537.36 (KHTML, like Gecko) Chrome/140.0.0.0 Safari/537.36","info","production","","","lambda","/api/index.py","servico-busca-pu0f292fa-jeanmnorhens-projects.vercel.app","servico-busca-pu0f292fa-jeanmnorhens-projects.vercel.app","dpl_9X25MSGLiianBNEXemCpx1539okR",-1,"iad1",-1,-1,"127.0.0.1 - - [16/Sep/2025 23:02:31] ""GET /api/search/reindex HTTP/1.1"" 503 -","prj_QsQe3KDprnafLnNuNyPe2t8xRvdd","","","01K5AC7WHXSM66V7KZKGC5RRGY","",-1
"2025-09-16 23:02:31",1758063751741,"servico-busca-pu0f292fa-jeanmnorhens-projects.vercel.app/api/search/reindex","GET","",503,"f99lj-1758063751681-cee02d7d77e6","Mozilla/5.0 (Windows NT 10.0; Win64; x64) AppleWebKit/537.36 (KHTML, like Gecko) Chrome/140.0.0.0 Safari/537.36","error","production","","","lambda","/api/index.py","servico-busca-pu0f292fa-jeanmnorhens-projects.vercel.app","servico-busca-pu0f292fa-jeanmnorhens-projects.vercel.app","dpl_9X25MSGLiianBNEXemCpx1539okR",4,"iad1",108,2048,"","prj_QsQe3KDprnafLnNuNyPe2t8xRvdd","","","01K5AC7WHXSM66V7KZKGC5RRGY","frK7Mmu3xWXn",1
"2025-09-16 23:02:31",1758063751289,"servico-busca-pu0f292fa-jeanmnorhens-projects.vercel.app/api/search/reindex","GET","",-1,"4s7zr-1758063751213-52384def2285","Mozilla/5.0 (Windows NT 10.0; Win64; x64) AppleWebKit/537.36 (KHTML, like Gecko) Chrome/140.0.0.0 Safari/537.36","info","production","","","lambda","/api/index.py","servico-busca-pu0f292fa-jeanmnorhens-projects.vercel.app","servico-busca-pu0f292fa-jeanmnorhens-projects.vercel.app","dpl_9X25MSGLiianBNEXemCpx1539okR",-1,"iad1",-1,-1,"127.0.0.1 - - [16/Sep/2025 23:02:31] ""GET /api/search/reindex HTTP/1.1"" 503 -","prj_QsQe3KDprnafLnNuNyPe2t8xRvdd","","","01K5AC7W3AM14DT47KH66B2ERE","",-1
"2025-09-16 23:02:31",1758063751274,"servico-busca-pu0f292fa-jeanmnorhens-projects.vercel.app/api/search/reindex","GET","",503,"4s7zr-1758063751213-52384def2285","Mozilla/5.0 (Windows NT 10.0; Win64; x64) AppleWebKit/537.36 (KHTML, like Gecko) Chrome/140.0.0.0 Safari/537.36","error","production","","","lambda","/api/index.py","servico-busca-pu0f292fa-jeanmnorhens-projects.vercel.app","servico-busca-pu0f292fa-jeanmnorhens-projects.vercel.app","dpl_9X25MSGLiianBNEXemCpx1539okR",6,"iad1",108,2048,"","prj_QsQe3KDprnafLnNuNyPe2t8xRvdd","","","01K5AC7W3AM14DT47KH66B2ERE","frK7Mmu3xWXn",1
"2025-09-16 23:02:30",1758063750656,"servico-busca-pu0f292fa-jeanmnorhens-projects.vercel.app/api/search/reindex","GET","",-1,"f99lj-1758063750581-2beba8658bb1","Mozilla/5.0 (Windows NT 10.0; Win64; x64) AppleWebKit/537.36 (KHTML, like Gecko) Chrome/140.0.0.0 Safari/537.36","info","production","","","lambda","/api/index.py","servico-busca-pu0f292fa-jeanmnorhens-projects.vercel.app","servico-busca-pu0f292fa-jeanmnorhens-projects.vercel.app","dpl_9X25MSGLiianBNEXemCpx1539okR",-1,"iad1",-1,-1,"127.0.0.1 - - [16/Sep/2025 23:02:30] ""GET /api/search/reindex HTTP/1.1"" 503 -","prj_QsQe3KDprnafLnNuNyPe2t8xRvdd","","","01K5AC7VFK8MGR2HPG16JSSFM2","",-1
"2025-09-16 23:02:30",1758063750643,"servico-busca-pu0f292fa-jeanmnorhens-projects.vercel.app/api/search/reindex","GET","",503,"f99lj-1758063750581-2beba8658bb1","Mozilla/5.0 (Windows NT 10.0; Win64; x64) AppleWebKit/537.36 (KHTML, like Gecko) Chrome/140.0.0.0 Safari/537.36","error","production","","","lambda","/api/index.py","servico-busca-pu0f292fa-jeanmnorhens-projects.vercel.app","servico-busca-pu0f292fa-jeanmnorhens-projects.vercel.app","dpl_9X25MSGLiianBNEXemCpx1539okR",4,"iad1",108,2048,"","prj_QsQe3KDprnafLnNuNyPe2t8xRvdd","","","01K5AC7VFK8MGR2HPG16JSSFM2","frK7Mmu3xWXn",1
"2025-09-16 23:02:26",1758063746558,"servico-busca-pu0f292fa-jeanmnorhens-projects.vercel.app/api/search","GET","q=jean",-1,"s425b-1758063746447-346ea7e6504e","Mozilla/5.0 (Windows NT 10.0; Win64; x64) AppleWebKit/537.36 (KHTML, like Gecko) Chrome/140.0.0.0 Safari/537.36","info","production","","","lambda","/api/index.py","servico-busca-pu0f292fa-jeanmnorhens-projects.vercel.app","servico-busca-pu0f292fa-jeanmnorhens-projects.vercel.app","dpl_9X25MSGLiianBNEXemCpx1539okR",-1,"iad1",-1,-1,"127.0.0.1 - - [16/Sep/2025 23:02:26] ""GET /api/search?q=jean HTTP/1.1"" 200 -","prj_QsQe3KDprnafLnNuNyPe2t8xRvdd","","","01K5AC7QEFC9H7447K9651TN2W","",-1
"2025-09-16 23:02:26",1758063746557,"servico-busca-pu0f292fa-jeanmnorhens-projects.vercel.app/api/search","GET","q=jean",-1,"s425b-1758063746447-346ea7e6504e","Mozilla/5.0 (Windows NT 10.0; Win64; x64) AppleWebKit/537.36 (KHTML, like Gecko) Chrome/140.0.0.0 Safari/537.36","error","production","","","lambda","/api/index.py","servico-busca-pu0f292fa-jeanmnorhens-projects.vercel.app","servico-busca-pu0f292fa-jeanmnorhens-projects.vercel.app","dpl_9X25MSGLiianBNEXemCpx1539okR",-1,"iad1",-1,-1,"INFO:elastic_transport.transport:POST https://my-elasticsearch-project-e974ce.es.us-central1.gcp.elastic.cloud:443/users,products,stores,offers/_search?ignore_unavailable=true [status:200 duration:0.032s]","prj_QsQe3KDprnafLnNuNyPe2t8xRvdd","","","01K5AC7QEFC9H7447K9651TN2W","",-1
"2025-09-16 23:02:26",1758063746511,"servico-busca-pu0f292fa-jeanmnorhens-projects.vercel.app/api/search","GET","q=jean",200,"s425b-1758063746447-346ea7e6504e","Mozilla/5.0 (Windows NT 10.0; Win64; x64) AppleWebKit/537.36 (KHTML, like Gecko) Chrome/140.0.0.0 Safari/537.36","info","production","","","lambda","/api/index.py","servico-busca-pu0f292fa-jeanmnorhens-projects.vercel.app","servico-busca-pu0f292fa-jeanmnorhens-projects.vercel.app","dpl_9X25MSGLiianBNEXemCpx1539okR",38,"iad1",108,2048,"","prj_QsQe3KDprnafLnNuNyPe2t8xRvdd","","","01K5AC7QEFC9H7447K9651TN2W","frK7Mmu3xWXn",1
"2025-09-16 23:02:26",1758063746301,"servico-busca-pu0f292fa-jeanmnorhens-projects.vercel.app/api/search","OPTIONS","q=jean",-1,"wqwm4-1758063746214-a64471f7a1e2","Mozilla/5.0 (Windows NT 10.0; Win64; x64) AppleWebKit/537.36 (KHTML, like Gecko) Chrome/140.0.0.0 Safari/537.36","info","production","","","lambda","/api/index.py","servico-busca-pu0f292fa-jeanmnorhens-projects.vercel.app","servico-busca-pu0f292fa-jeanmnorhens-projects.vercel.app","dpl_9X25MSGLiianBNEXemCpx1539okR",-1,"iad1",-1,-1,"127.0.0.1 - - [16/Sep/2025 23:02:26] ""OPTIONS /api/search?q=jean HTTP/1.1"" 200 -","prj_QsQe3KDprnafLnNuNyPe2t8xRvdd","","","01K5AC7Q7G189QJFX3DX9YYW2Y","",-1
"2025-09-16 23:02:26",1758063746288,"servico-busca-pu0f292fa-jeanmnorhens-projects.vercel.app/api/search","OPTIONS","q=jean",200,"wqwm4-1758063746214-a64471f7a1e2","Mozilla/5.0 (Windows NT 10.0; Win64; x64) AppleWebKit/537.36 (KHTML, like Gecko) Chrome/140.0.0.0 Safari/537.36","info","production","","","lambda","/api/index.py","servico-busca-pu0f292fa-jeanmnorhens-projects.vercel.app","servico-busca-pu0f292fa-jeanmnorhens-projects.vercel.app","dpl_9X25MSGLiianBNEXemCpx1539okR",5,"iad1",108,2048,"","prj_QsQe3KDprnafLnNuNyPe2t8xRvdd","","","01K5AC7Q7G189QJFX3DX9YYW2Y","frK7Mmu3xWXn",1
"2025-09-16 23:01:52",1758063712208,"servico-busca-pu0f292fa-jeanmnorhens-projects.vercel.app/api/health","GET","",-1,"w7xxl-1758063712102-54b85a6602bb","Mozilla/5.0 (Windows NT 10.0; Win64; x64) AppleWebKit/537.36 (KHTML, like Gecko) Chrome/140.0.0.0 Safari/537.36","info","production","","","lambda","/api/index.py","servico-busca-pu0f292fa-jeanmnorhens-projects.vercel.app","servico-busca-pu0f292fa-jeanmnorhens-projects.vercel.app","dpl_9X25MSGLiianBNEXemCpx1539okR",-1,"iad1",-1,-1,"127.0.0.1 - - [16/Sep/2025 23:01:52] ""GET /api/health HTTP/1.1"" 200 -","prj_QsQe3KDprnafLnNuNyPe2t8xRvdd","","","01K5AC6NX5XNJC8YEM8NH53S7J","",-1
"2025-09-16 23:01:52",1758063712208,"servico-busca-pu0f292fa-jeanmnorhens-projects.vercel.app/api/health","GET","",-1,"w7xxl-1758063712102-54b85a6602bb","Mozilla/5.0 (Windows NT 10.0; Win64; x64) AppleWebKit/537.36 (KHTML, like Gecko) Chrome/140.0.0.0 Safari/537.36","error","production","","","lambda","/api/index.py","servico-busca-pu0f292fa-jeanmnorhens-projects.vercel.app","servico-busca-pu0f292fa-jeanmnorhens-projects.vercel.app","dpl_9X25MSGLiianBNEXemCpx1539okR",-1,"iad1",-1,-1,"INFO:elastic_transport.transport:HEAD https://my-elasticsearch-project-e974ce.es.us-central1.gcp.elastic.cloud:443/ [status:200 duration:0.031s]","prj_QsQe3KDprnafLnNuNyPe2t8xRvdd","","","01K5AC6NX5XNJC8YEM8NH53S7J","",-1
"2025-09-16 23:01:52",1758063712165,"servico-busca-pu0f292fa-jeanmnorhens-projects.vercel.app/api/health","GET","",200,"w7xxl-1758063712102-54b85a6602bb","Mozilla/5.0 (Windows NT 10.0; Win64; x64) AppleWebKit/537.36 (KHTML, like Gecko) Chrome/140.0.0.0 Safari/537.36","info","production","","","lambda","/api/index.py","servico-busca-pu0f292fa-jeanmnorhens-projects.vercel.app","servico-busca-pu0f292fa-jeanmnorhens-projects.vercel.app","dpl_9X25MSGLiianBNEXemCpx1539okR",35,"iad1",108,2048,"","prj_QsQe3KDprnafLnNuNyPe2t8xRvdd","","","01K5AC6NX5XNJC8YEM8NH53S7J","frK7Mmu3xWXn",1
"2025-09-16 23:01:51",1758063711031,"servico-busca-pu0f292fa-jeanmnorhens-projects.vercel.app/api/health","GET","",-1,"p6vjb-1758063710895-51fc0307017c","Mozilla/5.0 (Windows NT 10.0; Win64; x64) AppleWebKit/537.36 (KHTML, like Gecko) Chrome/140.0.0.0 Safari/537.36","info","production","","","lambda","/api/index.py","servico-busca-pu0f292fa-jeanmnorhens-projects.vercel.app","servico-busca-pu0f292fa-jeanmnorhens-projects.vercel.app","dpl_9X25MSGLiianBNEXemCpx1539okR",-1,"iad1",-1,-1,"127.0.0.1 - - [16/Sep/2025 23:01:51] ""GET /api/health HTTP/1.1"" 200 -","prj_QsQe3KDprnafLnNuNyPe2t8xRvdd","","","01K5AC6MRA6NDJ2DKC6N7R1Z4Q","",-1
"2025-09-16 23:01:51",1758063711031,"servico-busca-pu0f292fa-jeanmnorhens-projects.vercel.app/api/health","GET","",-1,"p6vjb-1758063710895-51fc0307017c","Mozilla/5.0 (Windows NT 10.0; Win64; x64) AppleWebKit/537.36 (KHTML, like Gecko) Chrome/140.0.0.0 Safari/537.36","error","production","","","lambda","/api/index.py","servico-busca-pu0f292fa-jeanmnorhens-projects.vercel.app","servico-busca-pu0f292fa-jeanmnorhens-projects.vercel.app","dpl_9X25MSGLiianBNEXemCpx1539okR",-1,"iad1",-1,-1,"INFO:elastic_transport.transport:HEAD https://my-elasticsearch-project-e974ce.es.us-central1.gcp.elastic.cloud:443/ [status:200 duration:0.032s]","prj_QsQe3KDprnafLnNuNyPe2t8xRvdd","","","01K5AC6MRA6NDJ2DKC6N7R1Z4Q","",-1
"2025-09-16 23:01:50",1758063710986,"servico-busca-pu0f292fa-jeanmnorhens-projects.vercel.app/api/health","GET","",200,"p6vjb-1758063710895-51fc0307017c","Mozilla/5.0 (Windows NT 10.0; Win64; x64) AppleWebKit/537.36 (KHTML, like Gecko) Chrome/140.0.0.0 Safari/537.36","info","production","","","lambda","/api/index.py","servico-busca-pu0f292fa-jeanmnorhens-projects.vercel.app","servico-busca-pu0f292fa-jeanmnorhens-projects.vercel.app","dpl_9X25MSGLiianBNEXemCpx1539okR",36,"iad1",108,2048,"","prj_QsQe3KDprnafLnNuNyPe2t8xRvdd","","","01K5AC6MRA6NDJ2DKC6N7R1Z4Q","frK7Mmu3xWXn",1
"2025-09-16 23:01:46",1758063706794,"servico-busca-pu0f292fa-jeanmnorhens-projects.vercel.app/api/search/reindex","GET","",-1,"v2qff-1758063706707-88a497bb2bd1","Mozilla/5.0 (Windows NT 10.0; Win64; x64) AppleWebKit/537.36 (KHTML, like Gecko) Chrome/140.0.0.0 Safari/537.36","info","production","","","lambda","/api/index.py","servico-busca-pu0f292fa-jeanmnorhens-projects.vercel.app","servico-busca-pu0f292fa-jeanmnorhens-projects.vercel.app","dpl_9X25MSGLiianBNEXemCpx1539okR",-1,"iad1",-1,-1,"127.0.0.1 - - [16/Sep/2025 23:01:46] ""GET /api/search/reindex HTTP/1.1"" 503 -","prj_QsQe3KDprnafLnNuNyPe2t8xRvdd","","","01K5AC6GMM22T7QQDDAGX06QED","",-1
"2025-09-16 23:01:46",1758063706772,"servico-busca-pu0f292fa-jeanmnorhens-projects.vercel.app/api/search/reindex","GET","",503,"v2qff-1758063706707-88a497bb2bd1","Mozilla/5.0 (Windows NT 10.0; Win64; x64) AppleWebKit/537.36 (KHTML, like Gecko) Chrome/140.0.0.0 Safari/537.36","error","production","","","lambda","/api/index.py","servico-busca-pu0f292fa-jeanmnorhens-projects.vercel.app","servico-busca-pu0f292fa-jeanmnorhens-projects.vercel.app","dpl_9X25MSGLiianBNEXemCpx1539okR",4,"iad1",108,2048,"","prj_QsQe3KDprnafLnNuNyPe2t8xRvdd","","","01K5AC6GMM22T7QQDDAGX06QED","frK7Mmu3xWXn",1
"2025-09-16 23:01:45",1758063705973,"servico-busca-pu0f292fa-jeanmnorhens-projects.vercel.app/api/search/reindex","GET","",-1,"bljzx-1758063705869-687a5bd45f26","Mozilla/5.0 (Windows NT 10.0; Win64; x64) AppleWebKit/537.36 (KHTML, like Gecko) Chrome/140.0.0.0 Safari/537.36","info","production","","","lambda","/api/index.py","servico-busca-pu0f292fa-jeanmnorhens-projects.vercel.app","servico-busca-pu0f292fa-jeanmnorhens-projects.vercel.app","dpl_9X25MSGLiianBNEXemCpx1539okR",-1,"iad1",-1,-1,"127.0.0.1 - - [16/Sep/2025 23:01:45] ""GET /api/search/reindex HTTP/1.1"" 503 -","prj_QsQe3KDprnafLnNuNyPe2t8xRvdd","","","01K5AC6FV9GDF7YQA7H4WH3QH2","",-1
"2025-09-16 23:01:45",1758063705961,"servico-busca-pu0f292fa-jeanmnorhens-projects.vercel.app/api/search/reindex","GET","",503,"bljzx-1758063705869-687a5bd45f26","Mozilla/5.0 (Windows NT 10.0; Win64; x64) AppleWebKit/537.36 (KHTML, like Gecko) Chrome/140.0.0.0 Safari/537.36","error","production","","","lambda","/api/index.py","servico-busca-pu0f292fa-jeanmnorhens-projects.vercel.app","servico-busca-pu0f292fa-jeanmnorhens-projects.vercel.app","dpl_9X25MSGLiianBNEXemCpx1539okR",4,"iad1",108,2048,"","prj_QsQe3KDprnafLnNuNyPe2t8xRvdd","","","01K5AC6FV9GDF7YQA7H4WH3QH2","frK7Mmu3xWXn",1
"2025-09-16 23:01:39",1758063699538,"servico-busca-pu0f292fa-jeanmnorhens-projects.vercel.app/api/health","GET","",-1,"wnhb8-1758063699081-230112916311","Mozilla/5.0 (Windows NT 10.0; Win64; x64) AppleWebKit/537.36 (KHTML, like Gecko) Chrome/140.0.0.0 Safari/537.36","info","production","","","lambda","/api/index.py","servico-busca-pu0f292fa-jeanmnorhens-projects.vercel.app","servico-busca-pu0f292fa-jeanmnorhens-projects.vercel.app","dpl_9X25MSGLiianBNEXemCpx1539okR",-1,"iad1",-1,-1,"127.0.0.1 - - [16/Sep/2025 23:01:39] ""GET /api/health HTTP/1.1"" 200 -","prj_QsQe3KDprnafLnNuNyPe2t8xRvdd","","","01K5AC69B7XTSHQ11GD2AP6D0R","",-1
"2025-09-16 23:01:39",1758063699538,"servico-busca-pu0f292fa-jeanmnorhens-projects.vercel.app/api/health","GET","",-1,"wnhb8-1758063699081-230112916311","Mozilla/5.0 (Windows NT 10.0; Win64; x64) AppleWebKit/537.36 (KHTML, like Gecko) Chrome/140.0.0.0 Safari/537.36","error","production","","","lambda","/api/index.py","servico-busca-pu0f292fa-jeanmnorhens-projects.vercel.app","servico-busca-pu0f292fa-jeanmnorhens-projects.vercel.app","dpl_9X25MSGLiianBNEXemCpx1539okR",-1,"iad1",-1,-1,"INFO:elastic_transport.transport:HEAD https://my-elasticsearch-project-e974ce.es.us-central1.gcp.elastic.cloud:443/ [status:200 duration:0.209s]","prj_QsQe3KDprnafLnNuNyPe2t8xRvdd","","","01K5AC69B7XTSHQ11GD2AP6D0R","",-1
"2025-09-16 23:01:39",1758063699303,"servico-busca-pu0f292fa-jeanmnorhens-projects.vercel.app/api/health","GET","",200,"wnhb8-1758063699081-230112916311","Mozilla/5.0 (Windows NT 10.0; Win64; x64) AppleWebKit/537.36 (KHTML, like Gecko) Chrome/140.0.0.0 Safari/537.36","info","production","","","lambda","/api/index.py","servico-busca-pu0f292fa-jeanmnorhens-projects.vercel.app","servico-busca-pu0f292fa-jeanmnorhens-projects.vercel.app","dpl_9X25MSGLiianBNEXemCpx1539okR",215,"iad1",108,2048,"","prj_QsQe3KDprnafLnNuNyPe2t8xRvdd","","","01K5AC69B7XTSHQ11GD2AP6D0R","frK7Mmu3xWXn",1
"2025-09-16 23:01:28",1758063688597,"servico-busca-6yrou9ko7-jeanmnorhens-projects.vercel.app/api/health","GET","",-1,"w7xxl-1758063688326-18afc01529a1","Mozilla/5.0 (Windows NT 10.0; Win64; x64) AppleWebKit/537.36 (KHTML, like Gecko) Chrome/140.0.0.0 Safari/537.36","info","production","","","lambda","/api/index.py","servico-busca-6yrou9ko7-jeanmnorhens-projects.vercel.app","servico-busca-6yrou9ko7-jeanmnorhens-projects.vercel.app","dpl_CFJGi2uprVk3WqA8gMN1sSrxDvE4",-1,"iad1",-1,-1,"127.0.0.1 - - [16/Sep/2025 23:01:28] ""GET /api/health HTTP/1.1"" 200 -","prj_QsQe3KDprnafLnNuNyPe2t8xRvdd","","","01K5AC5YPD145GD2WYEYZE8SFC","",-1
"2025-09-16 23:01:28",1758063688596,"servico-busca-6yrou9ko7-jeanmnorhens-projects.vercel.app/api/health","GET","",-1,"w7xxl-1758063688326-18afc01529a1","Mozilla/5.0 (Windows NT 10.0; Win64; x64) AppleWebKit/537.36 (KHTML, like Gecko) Chrome/140.0.0.0 Safari/537.36","error","production","","","lambda","/api/index.py","servico-busca-6yrou9ko7-jeanmnorhens-projects.vercel.app","servico-busca-6yrou9ko7-jeanmnorhens-projects.vercel.app","dpl_CFJGi2uprVk3WqA8gMN1sSrxDvE4",-1,"iad1",-1,-1,"INFO:elastic_transport.transport:HEAD https://my-elasticsearch-project-e974ce.es.us-central1.gcp.elastic.cloud:443/ [status:200 duration:0.172s]","prj_QsQe3KDprnafLnNuNyPe2t8xRvdd","","","01K5AC5YPD145GD2WYEYZE8SFC","",-1
"2025-09-16 23:01:28",1758063688397,"servico-busca-6yrou9ko7-jeanmnorhens-projects.vercel.app/api/health","GET","",200,"w7xxl-1758063688326-18afc01529a1","Mozilla/5.0 (Windows NT 10.0; Win64; x64) AppleWebKit/537.36 (KHTML, like Gecko) Chrome/140.0.0.0 Safari/537.36","info","production","","","lambda","/api/index.py","servico-busca-6yrou9ko7-jeanmnorhens-projects.vercel.app","servico-busca-6yrou9ko7-jeanmnorhens-projects.vercel.app","dpl_CFJGi2uprVk3WqA8gMN1sSrxDvE4",178,"iad1",109,2048,"","prj_QsQe3KDprnafLnNuNyPe2t8xRvdd","","","01K5AC5YPD145GD2WYEYZE8SFC","D74ldUm1wyHX",1
"2025-09-16 23:00:44",1758063644558,"servico-busca-pu0f292fa-jeanmnorhens-projects.vercel.app/api/search/reindex","GET","",-1,"9kdnl-1758063644475-38594702d37c","Mozilla/5.0 (Windows NT 10.0; Win64; x64) AppleWebKit/537.36 (KHTML, like Gecko) Chrome/140.0.0.0 Safari/537.36","info","production","","","lambda","/api/index.py","servico-busca-pu0f292fa-jeanmnorhens-projects.vercel.app","servico-busca-pu0f292fa-jeanmnorhens-projects.vercel.app","dpl_9X25MSGLiianBNEXemCpx1539okR",-1,"iad1",-1,-1,"127.0.0.1 - - [16/Sep/2025 23:00:44] ""GET /api/search/reindex HTTP/1.1"" 503 -","prj_QsQe3KDprnafLnNuNyPe2t8xRvdd","","","01K5AC4KVW90BSADG0ZSRJ088A","",-1
"2025-09-16 23:00:44",1758063644540,"servico-busca-pu0f292fa-jeanmnorhens-projects.vercel.app/api/search/reindex","GET","",503,"9kdnl-1758063644475-38594702d37c","Mozilla/5.0 (Windows NT 10.0; Win64; x64) AppleWebKit/537.36 (KHTML, like Gecko) Chrome/140.0.0.0 Safari/537.36","error","production","","","lambda","/api/index.py","servico-busca-pu0f292fa-jeanmnorhens-projects.vercel.app","servico-busca-pu0f292fa-jeanmnorhens-projects.vercel.app","dpl_9X25MSGLiianBNEXemCpx1539okR",4,"iad1",106,2048,"","prj_QsQe3KDprnafLnNuNyPe2t8xRvdd","","","01K5AC4KVW90BSADG0ZSRJ088A","frK7Mmu3xWXn",1
"2025-09-16 23:00:15",1758063615586,"servico-busca-pu0f292fa-jeanmnorhens-projects.vercel.app/api/search/reindex","GET","",-1,"kdc4s-1758063615507-545863751517","Mozilla/5.0 (Windows NT 10.0; Win64; x64) AppleWebKit/537.36 (KHTML, like Gecko) Chrome/140.0.0.0 Safari/537.36","info","production","","","lambda","/api/index.py","servico-busca-pu0f292fa-jeanmnorhens-projects.vercel.app","servico-busca-pu0f292fa-jeanmnorhens-projects.vercel.app","dpl_9X25MSGLiianBNEXemCpx1539okR",-1,"iad1",-1,-1,"127.0.0.1 - - [16/Sep/2025 23:00:15] ""GET /api/search/reindex HTTP/1.1"" 503 -","prj_QsQe3KDprnafLnNuNyPe2t8xRvdd","","","01K5AC3QJPFAV033THZ7RH37PV","",-1
"2025-09-16 23:00:15",1758063615574,"servico-busca-pu0f292fa-jeanmnorhens-projects.vercel.app/api/search/reindex","GET","",503,"kdc4s-1758063615507-545863751517","Mozilla/5.0 (Windows NT 10.0; Win64; x64) AppleWebKit/537.36 (KHTML, like Gecko) Chrome/140.0.0.0 Safari/537.36","error","production","","","lambda","/api/index.py","servico-busca-pu0f292fa-jeanmnorhens-projects.vercel.app","servico-busca-pu0f292fa-jeanmnorhens-projects.vercel.app","dpl_9X25MSGLiianBNEXemCpx1539okR",4,"iad1",106,2048,"","prj_QsQe3KDprnafLnNuNyPe2t8xRvdd","","","01K5AC3QJPFAV033THZ7RH37PV","frK7Mmu3xWXn",1
"2025-09-16 23:00:15",1758063615202,"servico-busca-pu0f292fa-jeanmnorhens-projects.vercel.app/api/search/reindex","GET","",-1,"4grln-1758063614983-55685d5d3bf7","Mozilla/5.0 (Windows NT 10.0; Win64; x64) AppleWebKit/537.36 (KHTML, like Gecko) Chrome/140.0.0.0 Safari/537.36","info","production","","","lambda","/api/index.py","servico-busca-pu0f292fa-jeanmnorhens-projects.vercel.app","servico-busca-pu0f292fa-jeanmnorhens-projects.vercel.app","dpl_9X25MSGLiianBNEXemCpx1539okR",-1,"iad1",-1,-1,"127.0.0.1 - - [16/Sep/2025 23:00:15] ""GET /api/search/reindex HTTP/1.1"" 503 -","prj_QsQe3KDprnafLnNuNyPe2t8xRvdd","","","01K5AC3Q6MKW38C87CGZTMG5E4","",-1
"2025-09-16 23:00:15",1758063615188,"servico-busca-pu0f292fa-jeanmnorhens-projects.vercel.app/api/search/reindex","GET","",503,"4grln-1758063614983-55685d5d3bf7","Mozilla/5.0 (Windows NT 10.0; Win64; x64) AppleWebKit/537.36 (KHTML, like Gecko) Chrome/140.0.0.0 Safari/537.36","error","production","","","lambda","/api/index.py","servico-busca-pu0f292fa-jeanmnorhens-projects.vercel.app","servico-busca-pu0f292fa-jeanmnorhens-projects.vercel.app","dpl_9X25MSGLiianBNEXemCpx1539okR",4,"iad1",106,2048,"","prj_QsQe3KDprnafLnNuNyPe2t8xRvdd","","","01K5AC3Q6MKW38C87CGZTMG5E4","frK7Mmu3xWXn",1
"2025-09-16 23:00:14",1758063614622,"servico-busca-pu0f292fa-jeanmnorhens-projects.vercel.app/api/search/reindex","GET","",-1,"f99lj-1758063614383-70124a22f863","Mozilla/5.0 (Windows NT 10.0; Win64; x64) AppleWebKit/537.36 (KHTML, like Gecko) Chrome/140.0.0.0 Safari/537.36","info","production","","","lambda","/api/index.py","servico-busca-pu0f292fa-jeanmnorhens-projects.vercel.app","servico-busca-pu0f292fa-jeanmnorhens-projects.vercel.app","dpl_9X25MSGLiianBNEXemCpx1539okR",-1,"iad1",-1,-1,"127.0.0.1 - - [16/Sep/2025 23:00:14] ""GET /api/search/reindex HTTP/1.1"" 503 -","prj_QsQe3KDprnafLnNuNyPe2t8xRvdd","","","01K5AC3PMKWCFYYMHGFTG04B16","",-1
"2025-09-16 23:00:14",1758063614611,"servico-busca-pu0f292fa-jeanmnorhens-projects.vercel.app/api/search/reindex","GET","",503,"f99lj-1758063614383-70124a22f863","Mozilla/5.0 (Windows NT 10.0; Win64; x64) AppleWebKit/537.36 (KHTML, like Gecko) Chrome/140.0.0.0 Safari/537.36","error","production","","","lambda","/api/index.py","servico-busca-pu0f292fa-jeanmnorhens-projects.vercel.app","servico-busca-pu0f292fa-jeanmnorhens-projects.vercel.app","dpl_9X25MSGLiianBNEXemCpx1539okR",4,"iad1",106,2048,"","prj_QsQe3KDprnafLnNuNyPe2t8xRvdd","","","01K5AC3PMKWCFYYMHGFTG04B16","frK7Mmu3xWXn",1
"2025-09-16 23:00:13",1758063613316,"servico-busca-pu0f292fa-jeanmnorhens-projects.vercel.app/api/search/reindex","GET","",-1,"h7s4v-1758063613234-a2d95728c3b8","Mozilla/5.0 (Windows NT 10.0; Win64; x64) AppleWebKit/537.36 (KHTML, like Gecko) Chrome/140.0.0.0 Safari/537.36","info","production","","","lambda","/api/index.py","servico-busca-pu0f292fa-jeanmnorhens-projects.vercel.app","servico-busca-pu0f292fa-jeanmnorhens-projects.vercel.app","dpl_9X25MSGLiianBNEXemCpx1539okR",-1,"iad1",-1,-1,"127.0.0.1 - - [16/Sep/2025 23:00:13] ""GET /api/search/reindex HTTP/1.1"" 503 -","prj_QsQe3KDprnafLnNuNyPe2t8xRvdd","","","01K5AC3NBFVZSW2XQ60TSWVRG2","",-1
"2025-09-16 23:00:13",1758063613295,"servico-busca-pu0f292fa-jeanmnorhens-projects.vercel.app/api/search/reindex","GET","",503,"h7s4v-1758063613234-a2d95728c3b8","Mozilla/5.0 (Windows NT 10.0; Win64; x64) AppleWebKit/537.36 (KHTML, like Gecko) Chrome/140.0.0.0 Safari/537.36","error","production","","","lambda","/api/index.py","servico-busca-pu0f292fa-jeanmnorhens-projects.vercel.app","servico-busca-pu0f292fa-jeanmnorhens-projects.vercel.app","dpl_9X25MSGLiianBNEXemCpx1539okR",9,"iad1",106,2048,"","prj_QsQe3KDprnafLnNuNyPe2t8xRvdd","","","01K5AC3NBFVZSW2XQ60TSWVRG2","frK7Mmu3xWXn",1
"2025-09-16 23:00:10",1758063610730,"servico-busca-pu0f292fa-jeanmnorhens-projects.vercel.app/api/search/reindex","GET","",-1,"x4hfw-1758063610647-152e5fbf9886","Mozilla/5.0 (Windows NT 10.0; Win64; x64) AppleWebKit/537.36 (KHTML, like Gecko) Chrome/140.0.0.0 Safari/537.36","info","production","","","lambda","/api/index.py","servico-busca-pu0f292fa-jeanmnorhens-projects.vercel.app","servico-busca-pu0f292fa-jeanmnorhens-projects.vercel.app","dpl_9X25MSGLiianBNEXemCpx1539okR",-1,"iad1",-1,-1,"127.0.0.1 - - [16/Sep/2025 23:00:10] ""GET /api/search/reindex HTTP/1.1"" 503 -","prj_QsQe3KDprnafLnNuNyPe2t8xRvdd","","","01K5AC3JTVCGPCSV5BBWQVHC3H","",-1
"2025-09-16 23:00:10",1758063610715,"servico-busca-pu0f292fa-jeanmnorhens-projects.vercel.app/api/search/reindex","GET","",503,"x4hfw-1758063610647-152e5fbf9886","Mozilla/5.0 (Windows NT 10.0; Win64; x64) AppleWebKit/537.36 (KHTML, like Gecko) Chrome/140.0.0.0 Safari/537.36","error","production","","","lambda","/api/index.py","servico-busca-pu0f292fa-jeanmnorhens-projects.vercel.app","servico-busca-pu0f292fa-jeanmnorhens-projects.vercel.app","dpl_9X25MSGLiianBNEXemCpx1539okR",5,"iad1",106,2048,"","prj_QsQe3KDprnafLnNuNyPe2t8xRvdd","","","01K5AC3JTVCGPCSV5BBWQVHC3H","frK7Mmu3xWXn",1
"2025-09-16 23:00:01",1758063601447,"servico-busca-pu0f292fa-jeanmnorhens-projects.vercel.app/favicon.png","GET","",-1,"fjj4r-1758063601393-1edda2a5d3e8","vercel-favicon/1.0","info","production","","","lambda","/api/index.py","servico-busca-pu0f292fa-jeanmnorhens-projects.vercel.app","servico-busca-pu0f292fa-jeanmnorhens-projects.vercel.app","dpl_9X25MSGLiianBNEXemCpx1539okR",-1,"iad1",-1,-1,"127.0.0.1 - - [16/Sep/2025 23:00:01] ""GET /favicon.png HTTP/1.1"" 404 -","prj_QsQe3KDprnafLnNuNyPe2t8xRvdd","","","01K5AC39RSKRH8T934PVXVTEHC","",-1
"2025-09-16 23:00:01",1758063601432,"servico-busca-pu0f292fa-jeanmnorhens-projects.vercel.app/favicon.png","GET","",404,"fjj4r-1758063601393-1edda2a5d3e8","vercel-favicon/1.0","warning","production","","","lambda","/api/index.py","servico-busca-pu0f292fa-jeanmnorhens-projects.vercel.app","servico-busca-pu0f292fa-jeanmnorhens-projects.vercel.app","dpl_9X25MSGLiianBNEXemCpx1539okR",4,"iad1",106,2048,"","prj_QsQe3KDprnafLnNuNyPe2t8xRvdd","","","01K5AC39RSKRH8T934PVXVTEHC","frK7Mmu3xWXn",1
"2025-09-16 23:00:01",1758063601353,"servico-busca-pu0f292fa-jeanmnorhens-projects.vercel.app/favicon.ico","GET","",-1,"zq7dn-1758063601298-7c149a6a94a7","vercel-favicon/1.0","info","production","","","lambda","/api/index.py","servico-busca-pu0f292fa-jeanmnorhens-projects.vercel.app","servico-busca-pu0f292fa-jeanmnorhens-projects.vercel.app","dpl_9X25MSGLiianBNEXemCpx1539okR",-1,"iad1",-1,-1,"127.0.0.1 - - [16/Sep/2025 23:00:01] ""GET /favicon.ico HTTP/1.1"" 404 -","prj_QsQe3KDprnafLnNuNyPe2t8xRvdd","","","01K5AC39NTQPD28JA4MM8SPYGM","",-1
"2025-09-16 23:00:01",1758063601338,"servico-busca-pu0f292fa-jeanmnorhens-projects.vercel.app/favicon.ico","GET","",404,"zq7dn-1758063601298-7c149a6a94a7","vercel-favicon/1.0","warning","production","","","lambda","/api/index.py","servico-busca-pu0f292fa-jeanmnorhens-projects.vercel.app","servico-busca-pu0f292fa-jeanmnorhens-projects.vercel.app","dpl_9X25MSGLiianBNEXemCpx1539okR",4,"iad1",106,2048,"","prj_QsQe3KDprnafLnNuNyPe2t8xRvdd","","","01K5AC39NTQPD28JA4MM8SPYGM","frK7Mmu3xWXn",1
"2025-09-16 23:00:01",1758063601187,"servico-busca-pu0f292fa-jeanmnorhens-projects.vercel.app/","GET","",-1,"ng56q-1758063601131-4d15a331035e","vercel-favicon/1.0","info","production","","","lambda","/api/index.py","servico-busca-pu0f292fa-jeanmnorhens-projects.vercel.app","servico-busca-pu0f292fa-jeanmnorhens-projects.vercel.app","dpl_9X25MSGLiianBNEXemCpx1539okR",-1,"iad1",-1,-1,"127.0.0.1 - - [16/Sep/2025 23:00:01] ""GET / HTTP/1.1"" 404 -","prj_QsQe3KDprnafLnNuNyPe2t8xRvdd","","","01K5AC39GKS8K9B8MPDJRGS3DY","",-1
"2025-09-16 23:00:01",1758063601171,"servico-busca-pu0f292fa-jeanmnorhens-projects.vercel.app/","GET","",404,"ng56q-1758063601131-4d15a331035e","vercel-favicon/1.0","warning","production","","","lambda","/api/index.py","servico-busca-pu0f292fa-jeanmnorhens-projects.vercel.app","servico-busca-pu0f292fa-jeanmnorhens-projects.vercel.app","dpl_9X25MSGLiianBNEXemCpx1539okR",4,"iad1",106,2048,"","prj_QsQe3KDprnafLnNuNyPe2t8xRvdd","","","01K5AC39GKS8K9B8MPDJRGS3DY","frK7Mmu3xWXn",1
"2025-09-16 22:59:58",1758063598116,"servico-busca-pu0f292fa-jeanmnorhens-projects.vercel.app/favicon.ico","GET","",-1,"pzm25-1758063597865-84ed06db8431","Mozilla/5.0 (Windows NT 10.0; Win64; x64) AppleWebKit/537.36 (KHTML, like Gecko) Chrome/140.0.0.0 Safari/537.36","info","production","","","lambda","/api/index.py","servico-busca-pu0f292fa-jeanmnorhens-projects.vercel.app","servico-busca-pu0f292fa-jeanmnorhens-projects.vercel.app","dpl_9X25MSGLiianBNEXemCpx1539okR",-1,"iad1",-1,-1,"127.0.0.1 - - [16/Sep/2025 22:59:58] ""GET /favicon.ico HTTP/1.1"" 404 -","prj_QsQe3KDprnafLnNuNyPe2t8xRvdd","","","01K5AC36GNX2YRVN979FQG1KNX","",-1
"2025-09-16 22:59:58",1758063598101,"servico-busca-pu0f292fa-jeanmnorhens-projects.vercel.app/favicon.ico","GET","",404,"pzm25-1758063597865-84ed06db8431","Mozilla/5.0 (Windows NT 10.0; Win64; x64) AppleWebKit/537.36 (KHTML, like Gecko) Chrome/140.0.0.0 Safari/537.36","warning","production","","","lambda","/api/index.py","servico-busca-pu0f292fa-jeanmnorhens-projects.vercel.app","servico-busca-pu0f292fa-jeanmnorhens-projects.vercel.app","dpl_9X25MSGLiianBNEXemCpx1539okR",4,"iad1",106,2048,"","prj_QsQe3KDprnafLnNuNyPe2t8xRvdd","","","01K5AC36GNX2YRVN979FQG1KNX","frK7Mmu3xWXn",1
"2025-09-16 22:59:57",1758063597542,"servico-busca-pu0f292fa-jeanmnorhens-projects.vercel.app/api/search/reindex","GET","",-1,"p55pw-1758063596718-f6b3078c73c9","Mozilla/5.0 (Windows NT 10.0; Win64; x64) AppleWebKit/537.36 (KHTML, like Gecko) Chrome/140.0.0.0 Safari/537.36","info","production","","","lambda","/api/index.py","servico-busca-pu0f292fa-jeanmnorhens-projects.vercel.app","servico-busca-pu0f292fa-jeanmnorhens-projects.vercel.app","dpl_9X25MSGLiianBNEXemCpx1539okR",-1,"iad1",-1,-1,"127.0.0.1 - - [16/Sep/2025 22:59:57] ""GET /api/search/reindex HTTP/1.1"" 503 -","prj_QsQe3KDprnafLnNuNyPe2t8xRvdd","","","01K5AC35YJPGGKZGTGD6E4RZ0P","",-1
"2025-09-16 22:59:57",1758063597522,"servico-busca-pu0f292fa-jeanmnorhens-projects.vercel.app/api/search/reindex","GET","",503,"p55pw-1758063596718-f6b3078c73c9","Mozilla/5.0 (Windows NT 10.0; Win64; x64) AppleWebKit/537.36 (KHTML, like Gecko) Chrome/140.0.0.0 Safari/537.36","error","production","","","lambda","/api/index.py","servico-busca-pu0f292fa-jeanmnorhens-projects.vercel.app","servico-busca-pu0f292fa-jeanmnorhens-projects.vercel.app","dpl_9X25MSGLiianBNEXemCpx1539okR",5,"iad1",106,2048,"","prj_QsQe3KDprnafLnNuNyPe2t8xRvdd","","","01K5AC35YJPGGKZGTGD6E4RZ0P","frK7Mmu3xWXn",1
"2025-09-16 22:59:55",1758063595517,"servico-busca-pu0f292fa-jeanmnorhens-projects.vercel.app/favicon.ico","GET","",-1,"96mv5-1758063595347-0cb3adebe5da","vercel-screenshot/1.0","info","production","","","lambda","/api/index.py","servico-busca-pu0f292fa-jeanmnorhens-projects.vercel.app","servico-busca-pu0f292fa-jeanmnorhens-projects.vercel.app","dpl_9X25MSGLiianBNEXemCpx1539okR",-1,"iad1",-1,-1,"127.0.0.1 - - [16/Sep/2025 22:59:55] ""GET /favicon.ico HTTP/1.1"" 404 -","prj_QsQe3KDprnafLnNuNyPe2t8xRvdd","","","01K5AC33ZEWK56EV1HV1Y41PWM","",-1
"2025-09-16 22:59:55",1758063595502,"servico-busca-pu0f292fa-jeanmnorhens-projects.vercel.app/favicon.ico","GET","",404,"96mv5-1758063595347-0cb3adebe5da","vercel-screenshot/1.0","warning","production","","","lambda","/api/index.py","servico-busca-pu0f292fa-jeanmnorhens-projects.vercel.app","servico-busca-pu0f292fa-jeanmnorhens-projects.vercel.app","dpl_9X25MSGLiianBNEXemCpx1539okR",4,"iad1",106,2048,"","prj_QsQe3KDprnafLnNuNyPe2t8xRvdd","","","01K5AC33ZEWK56EV1HV1Y41PWM","frK7Mmu3xWXn",1
"2025-09-16 22:59:55",1758063595502,"servico-busca-pu0f292fa-jeanmnorhens-projects.vercel.app/favicon.ico","GET","",-1,"tnxb8-1758063595350-1e97e1048d1b","vercel-screenshot/1.0","info","production","","","lambda","/api/index.py","servico-busca-pu0f292fa-jeanmnorhens-projects.vercel.app","servico-busca-pu0f292fa-jeanmnorhens-projects.vercel.app","dpl_9X25MSGLiianBNEXemCpx1539okR",-1,"iad1",-1,-1,"127.0.0.1 - - [16/Sep/2025 22:59:55] ""GET /favicon.ico HTTP/1.1"" 404 -","prj_QsQe3KDprnafLnNuNyPe2t8xRvdd","","","01K5AC33Z1V6TXCD31EDDZ7R6E","",-1
"2025-09-16 22:59:55",1758063595489,"servico-busca-pu0f292fa-jeanmnorhens-projects.vercel.app/favicon.ico","GET","",404,"tnxb8-1758063595350-1e97e1048d1b","vercel-screenshot/1.0","warning","production","","","lambda","/api/index.py","servico-busca-pu0f292fa-jeanmnorhens-projects.vercel.app","servico-busca-pu0f292fa-jeanmnorhens-projects.vercel.app","dpl_9X25MSGLiianBNEXemCpx1539okR",2,"iad1",-1,2048,"","prj_QsQe3KDprnafLnNuNyPe2t8xRvdd","","","01K5AC33Z1V6TXCD31EDDZ7R6E","frK7Mmu3xWXn",1
"2025-09-16 22:59:55",1758063595282,"servico-busca-pu0f292fa-jeanmnorhens-projects.vercel.app/","GET","",-1,"n8vmd-1758063595068-04c12b0a5273","vercel-screenshot/1.0","info","production","","","lambda","/api/index.py","servico-busca-pu0f292fa-jeanmnorhens-projects.vercel.app","servico-busca-pu0f292fa-jeanmnorhens-projects.vercel.app","dpl_9X25MSGLiianBNEXemCpx1539okR",-1,"iad1",-1,-1,"127.0.0.1 - - [16/Sep/2025 22:59:55] ""GET / HTTP/1.1"" 404 -","prj_QsQe3KDprnafLnNuNyPe2t8xRvdd","","","01K5AC33QYN9T2FA59K78MVM0Q","",-1
"2025-09-16 22:59:55",1758063595272,"servico-busca-pu0f292fa-jeanmnorhens-projects.vercel.app/","GET","",-1,"cfbwj-1758063595047-38bd38ce191b","vercel-screenshot/1.0","info","production","","","lambda","/api/index.py","servico-busca-pu0f292fa-jeanmnorhens-projects.vercel.app","servico-busca-pu0f292fa-jeanmnorhens-projects.vercel.app","dpl_9X25MSGLiianBNEXemCpx1539okR",-1,"iad1",-1,-1,"127.0.0.1 - - [16/Sep/2025 22:59:55] ""GET / HTTP/1.1"" 404 -","prj_QsQe3KDprnafLnNuNyPe2t8xRvdd","","","01K5AC33QQ9CV3MVADPG4S6T5W","",-1
"2025-09-16 22:59:55",1758063595262,"servico-busca-pu0f292fa-jeanmnorhens-projects.vercel.app/","GET","",404,"n8vmd-1758063595068-04c12b0a5273","vercel-screenshot/1.0","warning","production","","","lambda","/api/index.py","servico-busca-pu0f292fa-jeanmnorhens-projects.vercel.app","servico-busca-pu0f292fa-jeanmnorhens-projects.vercel.app","dpl_9X25MSGLiianBNEXemCpx1539okR",4,"iad1",106,2048,"","prj_QsQe3KDprnafLnNuNyPe2t8xRvdd","","","01K5AC33QYN9T2FA59K78MVM0Q","frK7Mmu3xWXn",1
"2025-09-16 22:59:55",1758063595255,"servico-busca-pu0f292fa-jeanmnorhens-projects.vercel.app/","GET","",404,"cfbwj-1758063595047-38bd38ce191b","vercel-screenshot/1.0","warning","production","","","lambda","/api/index.py","servico-busca-pu0f292fa-jeanmnorhens-projects.vercel.app","servico-busca-pu0f292fa-jeanmnorhens-projects.vercel.app","dpl_9X25MSGLiianBNEXemCpx1539okR",4,"iad1",106,2048,"","prj_QsQe3KDprnafLnNuNyPe2t8xRvdd","","","01K5AC33QQ9CV3MVADPG4S6T5W","frK7Mmu3xWXn",1
"2025-09-16 22:59:54",1758063594951,"servico-busca-pu0f292fa-jeanmnorhens-projects.vercel.app/","GET","",-1,"gfz7s-1758063594605-f2e758c12c89","vercel-screenshot/1.0","info","production","","","lambda","/api/index.py","servico-busca-pu0f292fa-jeanmnorhens-projects.vercel.app","servico-busca-pu0f292fa-jeanmnorhens-projects.vercel.app","dpl_9X25MSGLiianBNEXemCpx1539okR",-1,"iad1",-1,-1,"127.0.0.1 - - [16/Sep/2025 22:59:54] ""GET / HTTP/1.1"" 404 -","prj_QsQe3KDprnafLnNuNyPe2t8xRvdd","","","01K5AC33DS8EMNDZF5NW7FKY44","",-1
"2025-09-16 22:59:54",1758063594937,"servico-busca-pu0f292fa-jeanmnorhens-projects.vercel.app/","GET","",404,"gfz7s-1758063594605-f2e758c12c89","vercel-screenshot/1.0","warning","production","","","lambda","/api/index.py","servico-busca-pu0f292fa-jeanmnorhens-projects.vercel.app","servico-busca-pu0f292fa-jeanmnorhens-projects.vercel.app","dpl_9X25MSGLiianBNEXemCpx1539okR",4,"iad1",106,2048,"","prj_QsQe3KDprnafLnNuNyPe2t8xRvdd","","","01K5AC33DS8EMNDZF5NW7FKY44","frK7Mmu3xWXn",1
"2025-09-16 22:59:54",1758063594933,"servico-busca-pu0f292fa-jeanmnorhens-projects.vercel.app/","GET","",-1,"9c2f9-1758063594591-e19055afc946","vercel-screenshot/1.0","info","production","","","lambda","/api/index.py","servico-busca-pu0f292fa-jeanmnorhens-projects.vercel.app","servico-busca-pu0f292fa-jeanmnorhens-projects.vercel.app","dpl_9X25MSGLiianBNEXemCpx1539okR",-1,"iad1",-1,-1,"127.0.0.1 - - [16/Sep/2025 22:59:54] ""GET / HTTP/1.1"" 404 -","prj_QsQe3KDprnafLnNuNyPe2t8xRvdd","","","01K5AC33CHA8VZMNS9ZCBAA4NF","",-1
"2025-09-16 22:59:54",1758063594897,"servico-busca-pu0f292fa-jeanmnorhens-projects.vercel.app/","GET","",404,"9c2f9-1758063594591-e19055afc946","vercel-screenshot/1.0","warning","production","","","lambda","/api/index.py","servico-busca-pu0f292fa-jeanmnorhens-projects.vercel.app","servico-busca-pu0f292fa-jeanmnorhens-projects.vercel.app","dpl_9X25MSGLiianBNEXemCpx1539okR",5,"iad1",106,2048,"","prj_QsQe3KDprnafLnNuNyPe2t8xRvdd","","","01K5AC33CHA8VZMNS9ZCBAA4NF","frK7Mmu3xWXn",1
"2025-09-16 22:58:08",1758063488695,"servico-busca-1dugc6x0d-jeanmnorhens-projects.vercel.app/favicon.ico","GET","",-1,"5lwcn-1758063488470-d96ff21711c4","Mozilla/5.0 (Windows NT 10.0; Win64; x64) AppleWebKit/537.36 (KHTML, like Gecko) Chrome/140.0.0.0 Safari/537.36","info","production","master","","lambda","/api/index.py","servico-busca-1dugc6x0d-jeanmnorhens-projects.vercel.app","servico-busca-1dugc6x0d-jeanmnorhens-projects.vercel.app","dpl_4VzJHnQPWSktNGNr853LxS88tjJw",-1,"iad1",-1,-1,"127.0.0.1 - - [16/Sep/2025 22:58:08] ""GET /favicon.ico HTTP/1.1"" 404 -","prj_QsQe3KDprnafLnNuNyPe2t8xRvdd","","","01K5ABZVN0TM1YQWNBHCDHR12C","",-1
"2025-09-16 22:58:08",1758063488672,"servico-busca-1dugc6x0d-jeanmnorhens-projects.vercel.app/favicon.ico","GET","",404,"5lwcn-1758063488470-d96ff21711c4","Mozilla/5.0 (Windows NT 10.0; Win64; x64) AppleWebKit/537.36 (KHTML, like Gecko) Chrome/140.0.0.0 Safari/537.36","warning","production","master","","lambda","/api/index.py","servico-busca-1dugc6x0d-jeanmnorhens-projects.vercel.app","servico-busca-1dugc6x0d-jeanmnorhens-projects.vercel.app","dpl_4VzJHnQPWSktNGNr853LxS88tjJw",4,"iad1",105,2048,"","prj_QsQe3KDprnafLnNuNyPe2t8xRvdd","","","01K5ABZVN0TM1YQWNBHCDHR12C","hpp2bXuLKpRB",1
"2025-09-16 22:58:08",1758063488184,"servico-busca-1dugc6x0d-jeanmnorhens-projects.vercel.app/api/search/reindex","GET","",-1,"cgbjn-1758063485827-236e3032300a","Mozilla/5.0 (Windows NT 10.0; Win64; x64) AppleWebKit/537.36 (KHTML, like Gecko) Chrome/140.0.0.0 Safari/537.36","info","production","master","","lambda","/api/index.py","servico-busca-1dugc6x0d-jeanmnorhens-projects.vercel.app","servico-busca-1dugc6x0d-jeanmnorhens-projects.vercel.app","dpl_4VzJHnQPWSktNGNr853LxS88tjJw",-1,"iad1",-1,-1,"127.0.0.1 - - [16/Sep/2025 22:58:08] ""GET /api/search/reindex HTTP/1.1"" 503 -","prj_QsQe3KDprnafLnNuNyPe2t8xRvdd","","","01K5ABZS8GNBDJNMJSZN980VTK","",-1
"2025-09-16 22:58:06",1758063486223,"servico-busca-1dugc6x0d-jeanmnorhens-projects.vercel.app/api/search/reindex","GET","",503,"cgbjn-1758063485827-236e3032300a","Mozilla/5.0 (Windows NT 10.0; Win64; x64) AppleWebKit/537.36 (KHTML, like Gecko) Chrome/140.0.0.0 Safari/537.36","error","production","master","","lambda","/api/index.py","servico-busca-1dugc6x0d-jeanmnorhens-projects.vercel.app","servico-busca-1dugc6x0d-jeanmnorhens-projects.vercel.app","dpl_4VzJHnQPWSktNGNr853LxS88tjJw",5,"iad1",105,2048,"","prj_QsQe3KDprnafLnNuNyPe2t8xRvdd","","","01K5ABZS8GNBDJNMJSZN980VTK","hpp2bXuLKpRB",1
"2025-09-16 22:55:14",1758063314784,"servico-busca-6yrou9ko7-jeanmnorhens-projects.vercel.app/api/search","GET","q=jean",-1,"2hjcx-1758063314673-0b91754900f9","Mozilla/5.0 (Windows NT 10.0; Win64; x64) AppleWebKit/537.36 (KHTML, like Gecko) Chrome/140.0.0.0 Safari/537.36","info","production","","","lambda","/api/index.py","servico-busca-6yrou9ko7-jeanmnorhens-projects.vercel.app","servico-busca-6yrou9ko7-jeanmnorhens-projects.vercel.app","dpl_CFJGi2uprVk3WqA8gMN1sSrxDvE4",-1,"iad1",-1,-1,"127.0.0.1 - - [16/Sep/2025 22:55:14] ""GET /api/search?q=jean HTTP/1.1"" 200 -","prj_QsQe3KDprnafLnNuNyPe2t8xRvdd","","","01K5ABTHSHCQK8V0B1YK5RZ38P","",-1
"2025-09-16 22:55:14",1758063314783,"servico-busca-6yrou9ko7-jeanmnorhens-projects.vercel.app/api/search","GET","q=jean",-1,"2hjcx-1758063314673-0b91754900f9","Mozilla/5.0 (Windows NT 10.0; Win64; x64) AppleWebKit/537.36 (KHTML, like Gecko) Chrome/140.0.0.0 Safari/537.36","error","production","","","lambda","/api/index.py","servico-busca-6yrou9ko7-jeanmnorhens-projects.vercel.app","servico-busca-6yrou9ko7-jeanmnorhens-projects.vercel.app","dpl_CFJGi2uprVk3WqA8gMN1sSrxDvE4",-1,"iad1",-1,-1,"INFO:elastic_transport.transport:POST https://my-elasticsearch-project-e974ce.es.us-central1.gcp.elastic.cloud:443/users,products,stores,offers/_search?ignore_unavailable=true [status:200 duration:0.032s]","prj_QsQe3KDprnafLnNuNyPe2t8xRvdd","","","01K5ABTHSHCQK8V0B1YK5RZ38P","",-1
"2025-09-16 22:55:14",1758063314737,"servico-busca-6yrou9ko7-jeanmnorhens-projects.vercel.app/api/search","GET","q=jean",200,"2hjcx-1758063314673-0b91754900f9","Mozilla/5.0 (Windows NT 10.0; Win64; x64) AppleWebKit/537.36 (KHTML, like Gecko) Chrome/140.0.0.0 Safari/537.36","info","production","","","lambda","/api/index.py","servico-busca-6yrou9ko7-jeanmnorhens-projects.vercel.app","servico-busca-6yrou9ko7-jeanmnorhens-projects.vercel.app","dpl_CFJGi2uprVk3WqA8gMN1sSrxDvE4",36,"iad1",109,2048,"","prj_QsQe3KDprnafLnNuNyPe2t8xRvdd","","","01K5ABTHSHCQK8V0B1YK5RZ38P","D74ldUm1wyHX",1
"2025-09-16 22:55:14",1758063314582,"servico-busca-6yrou9ko7-jeanmnorhens-projects.vercel.app/api/search","OPTIONS","q=jean",-1,"h92fm-1758063314352-5033e38251a9","Mozilla/5.0 (Windows NT 10.0; Win64; x64) AppleWebKit/537.36 (KHTML, like Gecko) Chrome/140.0.0.0 Safari/537.36","info","production","","","lambda","/api/index.py","servico-busca-6yrou9ko7-jeanmnorhens-projects.vercel.app","servico-busca-6yrou9ko7-jeanmnorhens-projects.vercel.app","dpl_CFJGi2uprVk3WqA8gMN1sSrxDvE4",-1,"iad1",-1,-1,"127.0.0.1 - - [16/Sep/2025 22:55:14] ""OPTIONS /api/search?q=jean HTTP/1.1"" 200 -","prj_QsQe3KDprnafLnNuNyPe2t8xRvdd","","","01K5ABTHM2H8JDFZFK8HGGCQ96","",-1
"2025-09-16 22:55:14",1758063314562,"servico-busca-6yrou9ko7-jeanmnorhens-projects.vercel.app/api/search","OPTIONS","q=jean",200,"h92fm-1758063314352-5033e38251a9","Mozilla/5.0 (Windows NT 10.0; Win64; x64) AppleWebKit/537.36 (KHTML, like Gecko) Chrome/140.0.0.0 Safari/537.36","info","production","","","lambda","/api/index.py","servico-busca-6yrou9ko7-jeanmnorhens-projects.vercel.app","servico-busca-6yrou9ko7-jeanmnorhens-projects.vercel.app","dpl_CFJGi2uprVk3WqA8gMN1sSrxDvE4",5,"iad1",109,2048,"","prj_QsQe3KDprnafLnNuNyPe2t8xRvdd","","","01K5ABTHM2H8JDFZFK8HGGCQ96","D74ldUm1wyHX",1
"2025-09-16 22:53:26",1758063206701,"servico-busca-6yrou9ko7-jeanmnorhens-projects.vercel.app/api/search","GET","q=jean",-1,"knwn6-1758063206411-ae9dc5782efc","Mozilla/5.0 (Windows NT 10.0; Win64; x64) AppleWebKit/537.36 (KHTML, like Gecko) Chrome/140.0.0.0 Safari/537.36","info","production","","","lambda","/api/index.py","servico-busca-6yrou9ko7-jeanmnorhens-projects.vercel.app","servico-busca-6yrou9ko7-jeanmnorhens-projects.vercel.app","dpl_CFJGi2uprVk3WqA8gMN1sSrxDvE4",-1,"iad1",-1,-1,"127.0.0.1 - - [16/Sep/2025 22:53:26] ""GET /api/search?q=jean HTTP/1.1"" 200 -","prj_QsQe3KDprnafLnNuNyPe2t8xRvdd","","","01K5ABQ871ZB5R8PQHXC5FNCP7","",-1
"2025-09-16 22:53:26",1758063206701,"servico-busca-6yrou9ko7-jeanmnorhens-projects.vercel.app/api/search","GET","q=jean",-1,"knwn6-1758063206411-ae9dc5782efc","Mozilla/5.0 (Windows NT 10.0; Win64; x64) AppleWebKit/537.36 (KHTML, like Gecko) Chrome/140.0.0.0 Safari/537.36","error","production","","","lambda","/api/index.py","servico-busca-6yrou9ko7-jeanmnorhens-projects.vercel.app","servico-busca-6yrou9ko7-jeanmnorhens-projects.vercel.app","dpl_CFJGi2uprVk3WqA8gMN1sSrxDvE4",-1,"iad1",-1,-1,"INFO:elastic_transport.transport:POST https://my-elasticsearch-project-e974ce.es.us-central1.gcp.elastic.cloud:443/users,products,stores,offers/_search?ignore_unavailable=true [status:200 duration:0.032s]","prj_QsQe3KDprnafLnNuNyPe2t8xRvdd","","","01K5ABQ871ZB5R8PQHXC5FNCP7","",-1
"2025-09-16 22:53:26",1758063206625,"servico-busca-6yrou9ko7-jeanmnorhens-projects.vercel.app/api/search","GET","q=jean",200,"knwn6-1758063206411-ae9dc5782efc","Mozilla/5.0 (Windows NT 10.0; Win64; x64) AppleWebKit/537.36 (KHTML, like Gecko) Chrome/140.0.0.0 Safari/537.36","info","production","","","lambda","/api/index.py","servico-busca-6yrou9ko7-jeanmnorhens-projects.vercel.app","servico-busca-6yrou9ko7-jeanmnorhens-projects.vercel.app","dpl_CFJGi2uprVk3WqA8gMN1sSrxDvE4",36,"iad1",108,2048,"","prj_QsQe3KDprnafLnNuNyPe2t8xRvdd","","","01K5ABQ871ZB5R8PQHXC5FNCP7","D74ldUm1wyHX",1
"2025-09-16 22:53:26",1758063206326,"servico-busca-6yrou9ko7-jeanmnorhens-projects.vercel.app/api/search","OPTIONS","q=jean",-1,"zsxj7-1758063206247-98d914cf3ad5","Mozilla/5.0 (Windows NT 10.0; Win64; x64) AppleWebKit/537.36 (KHTML, like Gecko) Chrome/140.0.0.0 Safari/537.36","info","production","","","lambda","/api/index.py","servico-busca-6yrou9ko7-jeanmnorhens-projects.vercel.app","servico-busca-6yrou9ko7-jeanmnorhens-projects.vercel.app","dpl_CFJGi2uprVk3WqA8gMN1sSrxDvE4",-1,"iad1",-1,-1,"127.0.0.1 - - [16/Sep/2025 22:53:26] ""OPTIONS /api/search?q=jean HTTP/1.1"" 200 -","prj_QsQe3KDprnafLnNuNyPe2t8xRvdd","","","01K5ABQ7XAFTBY39Z69DHGQWXY","",-1
"2025-09-16 22:53:26",1758063206313,"servico-busca-6yrou9ko7-jeanmnorhens-projects.vercel.app/api/search","OPTIONS","q=jean",200,"zsxj7-1758063206247-98d914cf3ad5","Mozilla/5.0 (Windows NT 10.0; Win64; x64) AppleWebKit/537.36 (KHTML, like Gecko) Chrome/140.0.0.0 Safari/537.36","info","production","","","lambda","/api/index.py","servico-busca-6yrou9ko7-jeanmnorhens-projects.vercel.app","servico-busca-6yrou9ko7-jeanmnorhens-projects.vercel.app","dpl_CFJGi2uprVk3WqA8gMN1sSrxDvE4",3,"iad1",108,2048,"","prj_QsQe3KDprnafLnNuNyPe2t8xRvdd","","","01K5ABQ7XAFTBY39Z69DHGQWXY","D74ldUm1wyHX",1
"2025-09-16 22:53:02",1758063182287,"servico-busca-6yrou9ko7-jeanmnorhens-projects.vercel.app/api/search","GET","q=jean",-1,"sfv7l-1758063182167-bfbbdb9e0cab","Mozilla/5.0 (Windows NT 10.0; Win64; x64) AppleWebKit/537.36 (KHTML, like Gecko) Chrome/140.0.0.0 Safari/537.36","info","production","","","lambda","/api/index.py","servico-busca-6yrou9ko7-jeanmnorhens-projects.vercel.app","servico-busca-6yrou9ko7-jeanmnorhens-projects.vercel.app","dpl_CFJGi2uprVk3WqA8gMN1sSrxDvE4",-1,"iad1",-1,-1,"127.0.0.1 - - [16/Sep/2025 22:53:02] ""GET /api/search?q=jean HTTP/1.1"" 200 -","prj_QsQe3KDprnafLnNuNyPe2t8xRvdd","","","01K5ABPGCWHCP72CVJ639YDYFY","",-1
"2025-09-16 22:53:02",1758063182286,"servico-busca-6yrou9ko7-jeanmnorhens-projects.vercel.app/api/search","GET","q=jean",-1,"sfv7l-1758063182167-bfbbdb9e0cab","Mozilla/5.0 (Windows NT 10.0; Win64; x64) AppleWebKit/537.36 (KHTML, like Gecko) Chrome/140.0.0.0 Safari/537.36","error","production","","","lambda","/api/index.py","servico-busca-6yrou9ko7-jeanmnorhens-projects.vercel.app","servico-busca-6yrou9ko7-jeanmnorhens-projects.vercel.app","dpl_CFJGi2uprVk3WqA8gMN1sSrxDvE4",-1,"iad1",-1,-1,"INFO:elastic_transport.transport:POST https://my-elasticsearch-project-e974ce.es.us-central1.gcp.elastic.cloud:443/users,products,stores,offers/_search?ignore_unavailable=true [status:200 duration:0.032s]","prj_QsQe3KDprnafLnNuNyPe2t8xRvdd","","","01K5ABPGCWHCP72CVJ639YDYFY","",-1
"2025-09-16 22:53:02",1758063182236,"servico-busca-6yrou9ko7-jeanmnorhens-projects.vercel.app/api/search","GET","q=jean",200,"sfv7l-1758063182167-bfbbdb9e0cab","Mozilla/5.0 (Windows NT 10.0; Win64; x64) AppleWebKit/537.36 (KHTML, like Gecko) Chrome/140.0.0.0 Safari/537.36","info","production","","","lambda","/api/index.py","servico-busca-6yrou9ko7-jeanmnorhens-projects.vercel.app","servico-busca-6yrou9ko7-jeanmnorhens-projects.vercel.app","dpl_CFJGi2uprVk3WqA8gMN1sSrxDvE4",36,"iad1",108,2048,"","prj_QsQe3KDprnafLnNuNyPe2t8xRvdd","","","01K5ABPGCWHCP72CVJ639YDYFY","D74ldUm1wyHX",1
"2025-09-16 22:53:02",1758063182081,"servico-busca-6yrou9ko7-jeanmnorhens-projects.vercel.app/api/search","OPTIONS","q=jean",-1,"2bsls-1758063181856-d098acecee73","Mozilla/5.0 (Windows NT 10.0; Win64; x64) AppleWebKit/537.36 (KHTML, like Gecko) Chrome/140.0.0.0 Safari/537.36","info","production","","","lambda","/api/index.py","servico-busca-6yrou9ko7-jeanmnorhens-projects.vercel.app","servico-busca-6yrou9ko7-jeanmnorhens-projects.vercel.app","dpl_CFJGi2uprVk3WqA8gMN1sSrxDvE4",-1,"iad1",-1,-1,"127.0.0.1 - - [16/Sep/2025 22:53:02] ""OPTIONS /api/search?q=jean HTTP/1.1"" 200 -","prj_QsQe3KDprnafLnNuNyPe2t8xRvdd","","","01K5ABPG7EFQNBCV7Z6P8MYYZK","",-1
"2025-09-16 22:53:02",1758063182062,"servico-busca-6yrou9ko7-jeanmnorhens-projects.vercel.app/api/search","OPTIONS","q=jean",200,"2bsls-1758063181856-d098acecee73","Mozilla/5.0 (Windows NT 10.0; Win64; x64) AppleWebKit/537.36 (KHTML, like Gecko) Chrome/140.0.0.0 Safari/537.36","info","production","","","lambda","/api/index.py","servico-busca-6yrou9ko7-jeanmnorhens-projects.vercel.app","servico-busca-6yrou9ko7-jeanmnorhens-projects.vercel.app","dpl_CFJGi2uprVk3WqA8gMN1sSrxDvE4",5,"iad1",108,2048,"","prj_QsQe3KDprnafLnNuNyPe2t8xRvdd","","","01K5ABPG7EFQNBCV7Z6P8MYYZK","D74ldUm1wyHX",1
"2025-09-16 22:50:40",1758063040484,"servico-busca-6yrou9ko7-jeanmnorhens-projects.vercel.app/favicon.ico","GET","",-1,"xn5qr-1758063040123-9b70114d429f","Mozilla/5.0 (Windows NT 10.0; Win64; x64) AppleWebKit/537.36 (KHTML, like Gecko) Chrome/140.0.0.0 Safari/537.36","info","production","","","lambda","/api/index.py","servico-busca-6yrou9ko7-jeanmnorhens-projects.vercel.app","servico-busca-6yrou9ko7-jeanmnorhens-projects.vercel.app","dpl_CFJGi2uprVk3WqA8gMN1sSrxDvE4",-1,"iad1",-1,-1,"127.0.0.1 - - [16/Sep/2025 22:50:40] ""GET /favicon.ico HTTP/1.1"" 404 -","prj_QsQe3KDprnafLnNuNyPe2t8xRvdd","","","01K5ABJ5YQ16DSHNZ50R4TSQWH","",-1
"2025-09-16 22:50:40",1758063040471,"servico-busca-6yrou9ko7-jeanmnorhens-projects.vercel.app/favicon.ico","GET","",404,"xn5qr-1758063040123-9b70114d429f","Mozilla/5.0 (Windows NT 10.0; Win64; x64) AppleWebKit/537.36 (KHTML, like Gecko) Chrome/140.0.0.0 Safari/537.36","warning","production","","","lambda","/api/index.py","servico-busca-6yrou9ko7-jeanmnorhens-projects.vercel.app","servico-busca-6yrou9ko7-jeanmnorhens-projects.vercel.app","dpl_CFJGi2uprVk3WqA8gMN1sSrxDvE4",3,"iad1",108,2048,"","prj_QsQe3KDprnafLnNuNyPe2t8xRvdd","","","01K5ABJ5YQ16DSHNZ50R4TSQWH","D74ldUm1wyHX",1
"2025-09-16 22:50:39",1758063039880,"servico-busca-6yrou9ko7-jeanmnorhens-projects.vercel.app/api/health","GET","",-1,"l4f2g-1758063039386-e5767cf15142","Mozilla/5.0 (Windows NT 10.0; Win64; x64) AppleWebKit/537.36 (KHTML, like Gecko) Chrome/140.0.0.0 Safari/537.36","info","production","","","lambda","/api/index.py","servico-busca-6yrou9ko7-jeanmnorhens-projects.vercel.app","servico-busca-6yrou9ko7-jeanmnorhens-projects.vercel.app","dpl_CFJGi2uprVk3WqA8gMN1sSrxDvE4",-1,"iad1",-1,-1,"127.0.0.1 - - [16/Sep/2025 22:50:39] ""GET /api/health HTTP/1.1"" 200 -","prj_QsQe3KDprnafLnNuNyPe2t8xRvdd","","","01K5ABJ584TNC6PDKBRZDFHA4V","",-1
"2025-09-16 22:50:39",1758063039879,"servico-busca-6yrou9ko7-jeanmnorhens-projects.vercel.app/api/health","GET","",-1,"l4f2g-1758063039386-e5767cf15142","Mozilla/5.0 (Windows NT 10.0; Win64; x64) AppleWebKit/537.36 (KHTML, like Gecko) Chrome/140.0.0.0 Safari/537.36","error","production","","","lambda","/api/index.py","servico-busca-6yrou9ko7-jeanmnorhens-projects.vercel.app","servico-busca-6yrou9ko7-jeanmnorhens-projects.vercel.app","dpl_CFJGi2uprVk3WqA8gMN1sSrxDvE4",-1,"iad1",-1,-1,"INFO:elastic_transport.transport:HEAD https://my-elasticsearch-project-e974ce.es.us-central1.gcp.elastic.cloud:443/ [status:200 duration:0.116s]","prj_QsQe3KDprnafLnNuNyPe2t8xRvdd","","","01K5ABJ584TNC6PDKBRZDFHA4V","",-1
"2025-09-16 22:50:39",1758063039748,"servico-busca-6yrou9ko7-jeanmnorhens-projects.vercel.app/api/health","GET","",200,"l4f2g-1758063039386-e5767cf15142","Mozilla/5.0 (Windows NT 10.0; Win64; x64) AppleWebKit/537.36 (KHTML, like Gecko) Chrome/140.0.0.0 Safari/537.36","info","production","","","lambda","/api/index.py","servico-busca-6yrou9ko7-jeanmnorhens-projects.vercel.app","servico-busca-6yrou9ko7-jeanmnorhens-projects.vercel.app","dpl_CFJGi2uprVk3WqA8gMN1sSrxDvE4",120,"iad1",108,2048,"","prj_QsQe3KDprnafLnNuNyPe2t8xRvdd","","","01K5ABJ584TNC6PDKBRZDFHA4V","D74ldUm1wyHX",1
"2025-09-16 22:49:58",1758062998545,"servico-busca-6yrou9ko7-jeanmnorhens-projects.vercel.app/favicon.png","GET","",-1,"rhzms-1758062998496-1897e4e4ae88","vercel-favicon/1.0","info","production","","","lambda","/api/index.py","servico-busca-6yrou9ko7-jeanmnorhens-projects.vercel.app","servico-busca-6yrou9ko7-jeanmnorhens-projects.vercel.app","dpl_CFJGi2uprVk3WqA8gMN1sSrxDvE4",-1,"iad1",-1,-1,"127.0.0.1 - - [16/Sep/2025 22:49:58] ""GET /favicon.png HTTP/1.1"" 404 -","prj_QsQe3KDprnafLnNuNyPe2t8xRvdd","","","01K5ABGX06GCP695C1NH8YDSD5","",-1
"2025-09-16 22:49:58",1758062998534,"servico-busca-6yrou9ko7-jeanmnorhens-projects.vercel.app/favicon.png","GET","",404,"rhzms-1758062998496-1897e4e4ae88","vercel-favicon/1.0","warning","production","","","lambda","/api/index.py","servico-busca-6yrou9ko7-jeanmnorhens-projects.vercel.app","servico-busca-6yrou9ko7-jeanmnorhens-projects.vercel.app","dpl_CFJGi2uprVk3WqA8gMN1sSrxDvE4",3,"iad1",106,2048,"","prj_QsQe3KDprnafLnNuNyPe2t8xRvdd","","","01K5ABGX06GCP695C1NH8YDSD5","D74ldUm1wyHX",1
"2025-09-16 22:49:58",1758062998456,"servico-busca-6yrou9ko7-jeanmnorhens-projects.vercel.app/favicon.ico","GET","",-1,"rhzms-1758062998402-f50b581c254b","vercel-favicon/1.0","info","production","","","lambda","/api/index.py","servico-busca-6yrou9ko7-jeanmnorhens-projects.vercel.app","servico-busca-6yrou9ko7-jeanmnorhens-projects.vercel.app","dpl_CFJGi2uprVk3WqA8gMN1sSrxDvE4",-1,"iad1",-1,-1,"127.0.0.1 - - [16/Sep/2025 22:49:58] ""GET /favicon.ico HTTP/1.1"" 404 -","prj_QsQe3KDprnafLnNuNyPe2t8xRvdd","","","01K5ABGWXDBJV4B2FH3BVQXM5T","",-1
"2025-09-16 22:49:58",1758062998445,"servico-busca-6yrou9ko7-jeanmnorhens-projects.vercel.app/favicon.ico","GET","",404,"rhzms-1758062998402-f50b581c254b","vercel-favicon/1.0","warning","production","","","lambda","/api/index.py","servico-busca-6yrou9ko7-jeanmnorhens-projects.vercel.app","servico-busca-6yrou9ko7-jeanmnorhens-projects.vercel.app","dpl_CFJGi2uprVk3WqA8gMN1sSrxDvE4",3,"iad1",106,2048,"","prj_QsQe3KDprnafLnNuNyPe2t8xRvdd","","","01K5ABGWXDBJV4B2FH3BVQXM5T","D74ldUm1wyHX",1
"2025-09-16 22:49:58",1758062998240,"servico-busca-6yrou9ko7-jeanmnorhens-projects.vercel.app/","GET","",-1,"9c2f9-1758062998181-6750537b5ca9","vercel-favicon/1.0","info","production","","","lambda","/api/index.py","servico-busca-6yrou9ko7-jeanmnorhens-projects.vercel.app","servico-busca-6yrou9ko7-jeanmnorhens-projects.vercel.app","dpl_CFJGi2uprVk3WqA8gMN1sSrxDvE4",-1,"iad1",-1,-1,"127.0.0.1 - - [16/Sep/2025 22:49:58] ""GET / HTTP/1.1"" 404 -","prj_QsQe3KDprnafLnNuNyPe2t8xRvdd","","","01K5ABGWPCZ8F81ASMM5SB33KA","",-1
"2025-09-16 22:49:58",1758062998220,"servico-busca-6yrou9ko7-jeanmnorhens-projects.vercel.app/","GET","",404,"9c2f9-1758062998181-6750537b5ca9","vercel-favicon/1.0","warning","production","","","lambda","/api/index.py","servico-busca-6yrou9ko7-jeanmnorhens-projects.vercel.app","servico-busca-6yrou9ko7-jeanmnorhens-projects.vercel.app","dpl_CFJGi2uprVk3WqA8gMN1sSrxDvE4",3,"iad1",106,2048,"","prj_QsQe3KDprnafLnNuNyPe2t8xRvdd","","","01K5ABGWPCZ8F81ASMM5SB33KA","D74ldUm1wyHX",1
"2025-09-16 22:49:57",1758062997445,"servico-busca-6yrou9ko7-jeanmnorhens-projects.vercel.app/favicon.ico","GET","",-1,"mpbm6-1758062997292-89f667a4bcae","vercel-screenshot/1.0","info","production","","","lambda","/api/index.py","servico-busca-6yrou9ko7-jeanmnorhens-projects.vercel.app","servico-busca-6yrou9ko7-jeanmnorhens-projects.vercel.app","dpl_CFJGi2uprVk3WqA8gMN1sSrxDvE4",-1,"iad1",-1,-1,"127.0.0.1 - - [16/Sep/2025 22:49:57] ""GET /favicon.ico HTTP/1.1"" 404 -","prj_QsQe3KDprnafLnNuNyPe2t8xRvdd","","","01K5ABGVXSZ2GFPG5WBSE3F065","",-1
"2025-09-16 22:49:57",1758062997433,"servico-busca-6yrou9ko7-jeanmnorhens-projects.vercel.app/favicon.ico","GET","",404,"mpbm6-1758062997292-89f667a4bcae","vercel-screenshot/1.0","warning","production","","","lambda","/api/index.py","servico-busca-6yrou9ko7-jeanmnorhens-projects.vercel.app","servico-busca-6yrou9ko7-jeanmnorhens-projects.vercel.app","dpl_CFJGi2uprVk3WqA8gMN1sSrxDvE4",3,"iad1",106,2048,"","prj_QsQe3KDprnafLnNuNyPe2t8xRvdd","","","01K5ABGVXSZ2GFPG5WBSE3F065","D74ldUm1wyHX",1
"2025-09-16 22:49:57",1758062997329,"servico-busca-6yrou9ko7-jeanmnorhens-projects.vercel.app/favicon.ico","GET","",-1,"9rksc-1758062997281-adc89e45da38","vercel-screenshot/1.0","info","production","","","lambda","/api/index.py","servico-busca-6yrou9ko7-jeanmnorhens-projects.vercel.app","servico-busca-6yrou9ko7-jeanmnorhens-projects.vercel.app","dpl_CFJGi2uprVk3WqA8gMN1sSrxDvE4",-1,"iad1",-1,-1,"127.0.0.1 - - [16/Sep/2025 22:49:57] ""GET /favicon.ico HTTP/1.1"" 404 -","prj_QsQe3KDprnafLnNuNyPe2t8xRvdd","","","01K5ABGVT1XTB0XAKYQWHP73QG","",-1
"2025-09-16 22:49:57",1758062997313,"servico-busca-6yrou9ko7-jeanmnorhens-projects.vercel.app/favicon.ico","GET","",404,"9rksc-1758062997281-adc89e45da38","vercel-screenshot/1.0","warning","production","","","lambda","/api/index.py","servico-busca-6yrou9ko7-jeanmnorhens-projects.vercel.app","servico-busca-6yrou9ko7-jeanmnorhens-projects.vercel.app","dpl_CFJGi2uprVk3WqA8gMN1sSrxDvE4",3,"iad1",106,2048,"","prj_QsQe3KDprnafLnNuNyPe2t8xRvdd","","","01K5ABGVT1XTB0XAKYQWHP73QG","D74ldUm1wyHX",1
"2025-09-16 22:49:57",1758062997230,"servico-busca-6yrou9ko7-jeanmnorhens-projects.vercel.app/","GET","",-1,"x8zpl-1758062997100-c318de9d369b","vercel-screenshot/1.0","info","production","","","lambda","/api/index.py","servico-busca-6yrou9ko7-jeanmnorhens-projects.vercel.app","servico-busca-6yrou9ko7-jeanmnorhens-projects.vercel.app","dpl_CFJGi2uprVk3WqA8gMN1sSrxDvE4",-1,"iad1",-1,-1,"127.0.0.1 - - [16/Sep/2025 22:49:57] ""GET / HTTP/1.1"" 404 -","prj_QsQe3KDprnafLnNuNyPe2t8xRvdd","","","01K5ABGVPRKJ5F8DFBX9FWKW4K","",-1
"2025-09-16 22:49:57",1758062997221,"servico-busca-6yrou9ko7-jeanmnorhens-projects.vercel.app/","GET","",-1,"9rksc-1758062997078-1b35ab65be44","vercel-screenshot/1.0","info","production","","","lambda","/api/index.py","servico-busca-6yrou9ko7-jeanmnorhens-projects.vercel.app","servico-busca-6yrou9ko7-jeanmnorhens-projects.vercel.app","dpl_CFJGi2uprVk3WqA8gMN1sSrxDvE4",-1,"iad1",-1,-1,"127.0.0.1 - - [16/Sep/2025 22:49:57] ""GET / HTTP/1.1"" 404 -","prj_QsQe3KDprnafLnNuNyPe2t8xRvdd","","","01K5ABGVPQ82B4J6CG2Y5ZYGN1","",-1
"2025-09-16 22:49:57",1758062997208,"servico-busca-6yrou9ko7-jeanmnorhens-projects.vercel.app/","GET","",404,"x8zpl-1758062997100-c318de9d369b","vercel-screenshot/1.0","warning","production","","","lambda","/api/index.py","servico-busca-6yrou9ko7-jeanmnorhens-projects.vercel.app","servico-busca-6yrou9ko7-jeanmnorhens-projects.vercel.app","dpl_CFJGi2uprVk3WqA8gMN1sSrxDvE4",4,"iad1",106,2048,"","prj_QsQe3KDprnafLnNuNyPe2t8xRvdd","","","01K5ABGVPRKJ5F8DFBX9FWKW4K","D74ldUm1wyHX",1
"2025-09-16 22:49:57",1758062997207,"servico-busca-6yrou9ko7-jeanmnorhens-projects.vercel.app/","GET","",404,"9rksc-1758062997078-1b35ab65be44","vercel-screenshot/1.0","warning","production","","","lambda","/api/index.py","servico-busca-6yrou9ko7-jeanmnorhens-projects.vercel.app","servico-busca-6yrou9ko7-jeanmnorhens-projects.vercel.app","dpl_CFJGi2uprVk3WqA8gMN1sSrxDvE4",4,"iad1",106,2048,"","prj_QsQe3KDprnafLnNuNyPe2t8xRvdd","","","01K5ABGVPQ82B4J6CG2Y5ZYGN1","D74ldUm1wyHX",1
"2025-09-16 22:49:56",1758062996987,"servico-busca-6yrou9ko7-jeanmnorhens-projects.vercel.app/","GET","",-1,"q7mqf-1758062996650-9869e1bf5c76","vercel-screenshot/1.0","info","production","","","lambda","/api/index.py","servico-busca-6yrou9ko7-jeanmnorhens-projects.vercel.app","servico-busca-6yrou9ko7-jeanmnorhens-projects.vercel.app","dpl_CFJGi2uprVk3WqA8gMN1sSrxDvE4",-1,"iad1",-1,-1,"127.0.0.1 - - [16/Sep/2025 22:49:56] ""GET / HTTP/1.1"" 404 -","prj_QsQe3KDprnafLnNuNyPe2t8xRvdd","","","01K5ABGVF7KKWGPTWS1Q93B7MA","",-1
"2025-09-16 22:49:56",1758062996967,"servico-busca-6yrou9ko7-jeanmnorhens-projects.vercel.app/","GET","",404,"q7mqf-1758062996650-9869e1bf5c76","vercel-screenshot/1.0","warning","production","","","lambda","/api/index.py","servico-busca-6yrou9ko7-jeanmnorhens-projects.vercel.app","servico-busca-6yrou9ko7-jeanmnorhens-projects.vercel.app","dpl_CFJGi2uprVk3WqA8gMN1sSrxDvE4",4,"iad1",106,2048,"","prj_QsQe3KDprnafLnNuNyPe2t8xRvdd","","","01K5ABGVF7KKWGPTWS1Q93B7MA","D74ldUm1wyHX",1
"2025-09-16 22:49:56",1758062996966,"servico-busca-6yrou9ko7-jeanmnorhens-projects.vercel.app/","GET","",-1,"njhxp-1758062996660-cb86cbec3739","vercel-screenshot/1.0","info","production","","","lambda","/api/index.py","servico-busca-6yrou9ko7-jeanmnorhens-projects.vercel.app","servico-busca-6yrou9ko7-jeanmnorhens-projects.vercel.app","dpl_CFJGi2uprVk3WqA8gMN1sSrxDvE4",-1,"iad1",-1,-1,"127.0.0.1 - - [16/Sep/2025 22:49:56] ""GET / HTTP/1.1"" 404 -","prj_QsQe3KDprnafLnNuNyPe2t8xRvdd","","","01K5ABGVEJ3WMYBS2QYDC9TCX8","",-1
"2025-09-16 22:49:56",1758062996946,"servico-busca-6yrou9ko7-jeanmnorhens-projects.vercel.app/","GET","",404,"njhxp-1758062996660-cb86cbec3739","vercel-screenshot/1.0","warning","production","","","lambda","/api/index.py","servico-busca-6yrou9ko7-jeanmnorhens-projects.vercel.app","servico-busca-6yrou9ko7-jeanmnorhens-projects.vercel.app","dpl_CFJGi2uprVk3WqA8gMN1sSrxDvE4",4,"iad1",106,2048,"","prj_QsQe3KDprnafLnNuNyPe2t8xRvdd","","","01K5ABGVEJ3WMYBS2QYDC9TCX8","D74ldUm1wyHX",1
"2025-09-16 22:35:11",1758062111335,"servico-busca-1dugc6x0d-jeanmnorhens-projects.vercel.app/favicon.png","GET","",-1,"vml6k-1758062111279-568083795594","vercel-favicon/1.0","info","production","master","","lambda","/api/index.py","servico-busca-1dugc6x0d-jeanmnorhens-projects.vercel.app","servico-busca-1dugc6x0d-jeanmnorhens-projects.vercel.app","dpl_4VzJHnQPWSktNGNr853LxS88tjJw",-1,"iad1",-1,-1,"127.0.0.1 - - [16/Sep/2025 22:35:11] ""GET /favicon.png HTTP/1.1"" 404 -","prj_QsQe3KDprnafLnNuNyPe2t8xRvdd","","","01K5AANTJRHEZEZ7YPYC7MBGBJ","",-1
"2025-09-16 22:35:11",1758062111320,"servico-busca-1dugc6x0d-jeanmnorhens-projects.vercel.app/favicon.png","GET","",404,"vml6k-1758062111279-568083795594","vercel-favicon/1.0","warning","production","master","","lambda","/api/index.py","servico-busca-1dugc6x0d-jeanmnorhens-projects.vercel.app","servico-busca-1dugc6x0d-jeanmnorhens-projects.vercel.app","dpl_4VzJHnQPWSktNGNr853LxS88tjJw",4,"iad1",107,2048,"","prj_QsQe3KDprnafLnNuNyPe2t8xRvdd","","","01K5AANTJRHEZEZ7YPYC7MBGBJ","IaVjkwAYCmFl",1
"2025-09-16 22:35:11",1758062111227,"servico-busca-1dugc6x0d-jeanmnorhens-projects.vercel.app/favicon.ico","GET","",-1,"nth5k-1758062111160-e9c1c805bcfc","vercel-favicon/1.0","info","production","master","","lambda","/api/index.py","servico-busca-1dugc6x0d-jeanmnorhens-projects.vercel.app","servico-busca-1dugc6x0d-jeanmnorhens-projects.vercel.app","dpl_4VzJHnQPWSktNGNr853LxS88tjJw",-1,"iad1",-1,-1,"127.0.0.1 - - [16/Sep/2025 22:35:11] ""GET /favicon.ico HTTP/1.1"" 404 -","prj_QsQe3KDprnafLnNuNyPe2t8xRvdd","","","01K5AANTF46AK28AA9601XPXB5","",-1
"2025-09-16 22:35:11",1758062111204,"servico-busca-1dugc6x0d-jeanmnorhens-projects.vercel.app/favicon.ico","GET","",404,"nth5k-1758062111160-e9c1c805bcfc","vercel-favicon/1.0","warning","production","master","","lambda","/api/index.py","servico-busca-1dugc6x0d-jeanmnorhens-projects.vercel.app","servico-busca-1dugc6x0d-jeanmnorhens-projects.vercel.app","dpl_4VzJHnQPWSktNGNr853LxS88tjJw",4,"iad1",107,2048,"","prj_QsQe3KDprnafLnNuNyPe2t8xRvdd","","","01K5AANTF46AK28AA9601XPXB5","IaVjkwAYCmFl",1
"2025-09-16 22:35:11",1758062111030,"servico-busca-1dugc6x0d-jeanmnorhens-projects.vercel.app/","GET","",-1,"7rn55-1758062110939-9ae52d82b205","vercel-favicon/1.0","info","production","master","","lambda","/api/index.py","servico-busca-1dugc6x0d-jeanmnorhens-projects.vercel.app","servico-busca-1dugc6x0d-jeanmnorhens-projects.vercel.app","dpl_4VzJHnQPWSktNGNr853LxS88tjJw",-1,"iad1",-1,-1,"127.0.0.1 - - [16/Sep/2025 22:35:11] ""GET / HTTP/1.1"" 404 -","prj_QsQe3KDprnafLnNuNyPe2t8xRvdd","","","01K5AANT8YPGJHB77B76TAQHCR","",-1
"2025-09-16 22:35:11",1758062111006,"servico-busca-1dugc6x0d-jeanmnorhens-projects.vercel.app/","GET","",404,"7rn55-1758062110939-9ae52d82b205","vercel-favicon/1.0","warning","production","master","","lambda","/api/index.py","servico-busca-1dugc6x0d-jeanmnorhens-projects.vercel.app","servico-busca-1dugc6x0d-jeanmnorhens-projects.vercel.app","dpl_4VzJHnQPWSktNGNr853LxS88tjJw",12,"iad1",107,2048,"","prj_QsQe3KDprnafLnNuNyPe2t8xRvdd","","","01K5AANT8YPGJHB77B76TAQHCR","IaVjkwAYCmFl",1
